,번호,캠퍼스,제목,글쓴이,날짜,조회수,링크
0,공지,서울,[대외][~10.04] 2019학년도 이영란장학 장학생...,학생지원센터 학생지원팀(서울),2019-09-30,123,https://www.khu.ac.kr/kor/notice/detail.do?seq=2131408&page=1&category=SCHOLARSHIP
1,공지,서울,★★★(10/1~10/3 24시까지)[서울][교내] 2...,학생지원센터 학생지원팀(서울),2019-09-30,212,https://www.khu.ac.kr/kor/notice/detail.do?seq=2131400&page=1&category=SCHOLARSHIP
2,공지,서울,★★★(10/1~10/3 24시까지)[서울][교내] 2...,학생지원센터 학생지원팀(서울),2019-09-30,127,https://www.khu.ac.kr/kor/notice/detail.do?seq=2131399&page=1&category=SCHOLARSHIP
3,공지,국제,[대외][~10.7]2019년 하나금융나눔재단 국내 하...,학생지원센터 학생지원팀(국제),2019-09-27,327,https://www.khu.ac.kr/kor/notice/detail.do?seq=2131338&page=1&category=SCHOLARSHIP
4,공지,공통,[대외][~10.21 17시] 2020-1학기 제25기...,학생지원센터 학생지원팀(서울),2019-09-26,306,https://www.khu.ac.kr/kor/notice/detail.do?seq=2131331&page=1&category=SCHOLARSHIP
5,공지,서울,★★(날짜변경)[서울][교내] 2019-2학기 점프장학...,학생지원센터 학생지원팀(서울),2019-09-25,314,https://www.khu.ac.kr/kor/notice/detail.do?seq=2131289&page=1&category=SCHOLARSHIP
6,공지,국제,[국제][대외][~10.15]2019년 하반기 송화재단...,학생지원센터 학생지원팀(국제),2019-09-24,276,https://www.khu.ac.kr/kor/notice/detail.do?seq=2131276&page=1&category=SCHOLARSHIP
7,공지,공통,[대외][~11.10] 2020년도 대산농촌재단 장학생...,학생지원센터 학생지원팀(서울),2019-09-23,155,https://www.khu.ac.kr/kor/notice/detail.do?seq=2131262&page=1&category=SCHOLARSHIP
8,공지,공통,[대외][~10.04] 2019년 금신장학재단 금신사랑...,학생지원센터 학생지원팀(국제),2019-09-20,572,https://www.khu.ac.kr/kor/notice/detail.do?seq=2131206&page=1&category=SCHOLARSHIP
9,공지,서울,[대외][~10.08] 2019학년도 제16회 안중근 ...,학생지원센터 학생지원팀(서울),2019-09-20,233,https://www.khu.ac.kr/kor/notice/detail.do?seq=2131203&page=1&category=SCHOLARSHIP
10,공지,서울,★★★(파일수정)[서울][교내] 2019-2학기 경희꿈...,학생지원센터 학생지원팀(서울),2019-09-09,533,https://www.khu.ac.kr/kor/notice/detail.do?seq=2130855&page=2&category=SCHOLARSHIP
11,공지,공통,[대외][~10.11]2019-2학기 울산인재육성재단 ...,학생지원센터 학생지원팀(서울),2019-09-05,194,https://www.khu.ac.kr/kor/notice/detail.do?seq=2130713&page=2&category=SCHOLARSHIP
12,공지,공통,[~10.4] 2019학년도 하반기 달서인재육성장학재단...,학생지원센터 학생지원팀(서울),2019-09-03,310,https://www.khu.ac.kr/kor/notice/detail.do?seq=2130513&page=2&category=SCHOLARSHIP
13,공지,공통,[대외][~10.31]2019-2학기 수림재단 제5회 ...,학생지원센터 학생지원팀(서울),2019-09-03,327,https://www.khu.ac.kr/kor/notice/detail.do?seq=2130509&page=2&category=SCHOLARSHIP
14,공지,국제,[국제][대외][~7.19]2019년 2학기「청년창업농...,학생지원센터 학생지원팀(국제),2019-07-12,1215,https://www.khu.ac.kr/kor/notice/detail.do?seq=2128767&page=2&category=SCHOLARSHIP
15,공지,서울,★★[서울][교내]2019-2학기 경희목련장학 운영 안...,학생지원센터 학생지원팀(서울),2019-07-01,1319,https://www.khu.ac.kr/kor/notice/detail.do?seq=2128518&page=2&category=SCHOLARSHIP
16,공지,서울,★★[서울][교내] 2019학년도 밝은사회장학(장애학생...,학생지원센터 학생지원팀(서울),2019-07-01,573,https://www.khu.ac.kr/kor/notice/detail.do?seq=2128517&page=2&category=SCHOLARSHIP
17,공지,서울,[대외][~7.05]2019학년도 2학기 삼일장학회 장...,학생지원센터 학생지원팀(서울),2019-06-14,935,https://www.khu.ac.kr/kor/notice/detail.do?seq=2127084&page=2&category=SCHOLARSHIP
18,공지,서울,★★[서울]2019학년도 서울C 장학제도 소개 브로셔 ...,학생지원센터 학생지원팀(서울),2019-05-13,829,https://www.khu.ac.kr/kor/notice/detail.do?seq=2113619&page=2&category=SCHOLARSHIP
19,공지,공통,[이자지원] 2019년 상반기 김제시 대학생 학자금 대...,학생지원센터 학생지원팀(국제),2019-04-11,559,https://www.khu.ac.kr/kor/notice/detail.do?seq=2112392&page=2&category=SCHOLARSHIP
20,공지,국제,2019학년도 1학기 신입생 장애학생 장학금 신청안내,장애학생지원센터(국제),2019-03-08,603,https://www.khu.ac.kr/kor/notice/detail.do?seq=2111091&page=3&category=SCHOLARSHIP
21,공지,서울,[국가근로] 2018학년도 2학기 국가 교육근로장학 2...,학생지원처 장학팀,2018-08-20,2884,https://www.khu.ac.kr/kor/notice/detail.do?seq=112319&page=3&category=SCHOLARSHIP
22,공지,서울,[공통][국가장학] 2018-1학기 입학금감축대응지원 ...,학생지원처 장학팀,2018-08-16,2133,https://www.khu.ac.kr/kor/notice/detail.do?seq=112308&page=3&category=SCHOLARSHIP
23,공지,서울,[학자금대출] 2018학년도 2학기 학자금대출 특별추천...,학생지원처 장학팀,2018-07-25,1317,https://www.khu.ac.kr/kor/notice/detail.do?seq=112140&page=3&category=SCHOLARSHIP
24,공지,서울,[학자금대출] 2018학년도 2학기 정부 학자금대출 신...,학생지원처 장학팀,2018-07-25,1261,https://www.khu.ac.kr/kor/notice/detail.do?seq=112133&page=3&category=SCHOLARSHIP
25,공지,서울,[국가장학] 2018학년도 2학기 국가장학금 1차 신청...,학생지원처 장학팀,2018-05-24,799,https://www.khu.ac.kr/kor/notice/detail.do?seq=111589&page=3&category=SCHOLARSHIP
26,공지,서울,[국가근로] 2018-2학기 국가 교육근로장학사업 1차...,학생지원처 장학팀,2018-05-21,1106,https://www.khu.ac.kr/kor/notice/detail.do?seq=111563&page=3&category=SCHOLARSHIP
27,공지,서울,[국가장학] 2018년 1학기 국가장학금 2차 신청 재...,학생지원처 장학팀,2018-05-16,1006,https://www.khu.ac.kr/kor/notice/detail.do?seq=111548&page=3&category=SCHOLARSHIP
28,공지,서울,[국가근로] 2018학년도 국가 교육근로장학사업 하계방...,학생지원처 장학팀,2018-05-14,1102,https://www.khu.ac.kr/kor/notice/detail.do?seq=111522&page=3&category=SCHOLARSHIP
29,공지,서울,[국가우수] 2018학년도 예술체육비전장학 신청안내,학생지원처 장학팀,2018-05-14,811,https://www.khu.ac.kr/kor/notice/detail.do?seq=111513&page=3&category=SCHOLARSHIP
30,공지,서울,[국가우수] 2018학년도 인문100년장학금 전공탐색/...,학생지원처 장학팀,2018-05-08,1167,https://www.khu.ac.kr/kor/notice/detail.do?seq=111479&page=4&category=SCHOLARSHIP
31,공지,서울,[푸른등대] 2018학년도 푸른등대 삼성SOS장학금 신...,학생지원처 장학팀,2018-04-27,1105,https://www.khu.ac.kr/kor/notice/detail.do?seq=111428&page=4&category=SCHOLARSHIP
32,공지,서울,[이자지원] 2018년 강화군 대학생 학자금 대출이자 ...,학생지원처 장학팀,2018-04-13,568,https://www.khu.ac.kr/kor/notice/detail.do?seq=111351&page=4&category=SCHOLARSHIP
33,공지,서울,[이자지원] 2018년 상반기 통영시 대학생 학자금 이...,학생지원처 장학팀,2018-04-11,508,https://www.khu.ac.kr/kor/notice/detail.do?seq=111336&page=4&category=SCHOLARSHIP
34,공지,서울,[이자지원] 2018년 상반기 김제시 대학생 학자금 대...,학생지원처 장학팀,2018-04-11,513,https://www.khu.ac.kr/kor/notice/detail.do?seq=111333&page=4&category=SCHOLARSHIP
35,공지,서울,[이자지원] 2018년 상반기 경기도 대학생 학자금 대...,학생지원처 장학팀,2018-04-11,767,https://www.khu.ac.kr/kor/notice/detail.do?seq=111329&page=4&category=SCHOLARSHIP
36,공지,서울,[이자지원] 성남시 대학생 학자금 대출 이자 지원 신청...,학생지원처 장학팀,2018-04-05,598,https://www.khu.ac.kr/kor/notice/detail.do?seq=111304&page=4&category=SCHOLARSHIP
37,공지,서울,2018학년도 서울C 장학제도 소개 브로셔 공지,학생지원처 장학팀,2018-03-19,895,https://www.khu.ac.kr/kor/notice/detail.do?seq=111178&page=4&category=SCHOLARSHIP
38,공지,서울,[교내]2018-1학기 경희꿈도전장학 신청 안내,학생지원처 장학팀,2018-03-16,2104,https://www.khu.ac.kr/kor/notice/detail.do?seq=111161&page=4&category=SCHOLARSHIP
39,공지,서울,"[교내-등록금]2018-1학기 신/편입생, 복학생 우정...",학생지원처 장학팀,2018-03-05,1597,https://www.khu.ac.kr/kor/notice/detail.do?seq=111008&page=4&category=SCHOLARSHIP
40,공지,서울,[국가근로] 2018학년도 1학기 국가교육근로장학사업 ...,학생지원처 장학팀,2018-02-12,1583,https://www.khu.ac.kr/kor/notice/detail.do?seq=110832&page=5&category=SCHOLARSHIP
41,공지,서울,[교내]2018학년도 서울C 교내장학 신청 및 지급일정...,학생지원처 장학팀,2018-01-30,1966,https://www.khu.ac.kr/kor/notice/detail.do?seq=110715&page=5&category=SCHOLARSHIP
42,541,서울,[대외][~9.23] 2019-2학기 우덕재단 신규 장...,학생지원센터 학생지원팀(서울),2019-09-18,192,https://www.khu.ac.kr/kor/notice/detail.do?seq=2131094&page=5&category=SCHOLARSHIP
43,540,서울,[대외][~9.20]심명문화재단 2019학년도 장학생 ...,학생지원센터 학생지원팀(서울),2019-09-16,243,https://www.khu.ac.kr/kor/notice/detail.do?seq=2130991&page=5&category=SCHOLARSHIP
44,539,공통,[대외][~9.24]2019-2학기 경주시장학회 선발 ...,학생지원센터 학생지원팀(서울),2019-09-10,168,https://www.khu.ac.kr/kor/notice/detail.do?seq=2130916&page=5&category=SCHOLARSHIP
45,538,공통,[대외][~9.27]2019-2학기 은평구민장학재단 장...,학생지원센터 학생지원팀(서울),2019-09-09,124,https://www.khu.ac.kr/kor/notice/detail.do?seq=2130874&page=5&category=SCHOLARSHIP
46,537,서울,★★[서울][교내] 2019-2학기 경희꿈도전장학 설명...,학생지원센터 학생지원팀(서울),2019-09-06,247,https://www.khu.ac.kr/kor/notice/detail.do?seq=2130796&page=5&category=SCHOLARSHIP
47,536,서울,★★[서울][교내] 2018-2학기 경희꿈도전장학 결과...,학생지원센터 학생지원팀(서울),2019-09-04,241,https://www.khu.ac.kr/kor/notice/detail.do?seq=2130620&page=5&category=SCHOLARSHIP
48,535,서울,[대외][~9.16] 2019학년도 2학기 송재옥장학 ...,학생지원센터 학생지원팀(서울),2019-09-02,246,https://www.khu.ac.kr/kor/notice/detail.do?seq=2130394&page=5&category=SCHOLARSHIP
49,534,공통,[국가장학][~9.16] 2019년 2학기 국가장학금 ...,학생지원센터 학생지원팀(서울),2019-08-30,445,https://www.khu.ac.kr/kor/notice/detail.do?seq=2130316&page=5&category=SCHOLARSHIP
50,533,서울,[푸른등대][~9.16]2019년 2학기 푸른등대 사무...,학생지원센터 학생지원팀(서울),2019-08-30,345,https://www.khu.ac.kr/kor/notice/detail.do?seq=2130298&page=6&category=SCHOLARSHIP
51,532,공통,[대외][~9.30]2019-2학기 고속도로장학재단 장...,학생지원센터 학생지원팀(서울),2019-08-29,351,https://www.khu.ac.kr/kor/notice/detail.do?seq=2130242&page=6&category=SCHOLARSHIP
52,531,공통,[대외][~9.20]2019-2학기 동산장학회 장학생 ...,학생지원센터 학생지원팀(서울),2019-08-28,326,https://www.khu.ac.kr/kor/notice/detail.do?seq=2130214&page=6&category=SCHOLARSHIP
53,530,공통,[대외][~9/09]2019년 (재)포항시장학회 장학생...,학생지원센터 학생지원팀(서울),2019-08-27,159,https://www.khu.ac.kr/kor/notice/detail.do?seq=2130152&page=6&category=SCHOLARSHIP
54,529,서울,★★[서울][국가근로] 2019-2학기 학기중  국가근...,학생지원센터 학생지원팀(서울),2019-08-23,292,https://www.khu.ac.kr/kor/notice/detail.do?seq=2130061&page=6&category=SCHOLARSHIP
55,528,서울,★★★(날짜변경~9/27 18시까지)[서울][교내] 2...,학생지원센터 학생지원팀(서울),2019-08-22,835,https://www.khu.ac.kr/kor/notice/detail.do?seq=2129945&page=6&category=SCHOLARSHIP
56,527,공통,[공통][대외][~8.25]2019학년도 경희대학교 총...,학생지원센터 학생지원팀(서울),2019-08-20,629,https://www.khu.ac.kr/kor/notice/detail.do?seq=2129880&page=6&category=SCHOLARSHIP
57,526,서울,★★★(날짜변경~9/27 18시까지)[서울][교내] 2...,학생지원센터 학생지원팀(서울),2019-08-20,436,https://www.khu.ac.kr/kor/notice/detail.do?seq=2129837&page=6&category=SCHOLARSHIP
58,525,공통,[공통][기간연장]2019-2학기 국가장학금 2차신청기...,학생지원센터 학생지원팀(서울),2019-08-20,337,https://www.khu.ac.kr/kor/notice/detail.do?seq=2129830&page=6&category=SCHOLARSHIP
59,524,서울,★[서울][국가근로] 19-2학기 학기중 국가근로장학 ...,학생지원센터 학생지원팀(서울),2019-08-16,476,https://www.khu.ac.kr/kor/notice/detail.do?seq=2129750&page=6&category=SCHOLARSHIP
60,523,서울,[서울][대외][~9.13]2019-2학기 (재)인중....,학생지원센터 학생지원팀(서울),2019-08-16,430,https://www.khu.ac.kr/kor/notice/detail.do?seq=2129731&page=7&category=SCHOLARSHIP
61,522,공통,[기간연장][공통][국가근로]2019학년도 2학기 국가...,학생지원센터 학생지원팀(서울),2019-08-08,1269,https://www.khu.ac.kr/kor/notice/detail.do?seq=2129395&page=7&category=SCHOLARSHIP
62,521,서울,★★[서울][교내]2018-2학기 경희꿈도전장학 결과발...,학생지원센터 학생지원팀(서울),2019-08-06,256,https://www.khu.ac.kr/kor/notice/detail.do?seq=2129330&page=7&category=SCHOLARSHIP
63,520,서울,★★[서울][교내]2018-2학기 경희꿈도전장학 결과발...,학생지원센터 학생지원팀(서울),2019-07-10,1073,https://www.khu.ac.kr/kor/notice/detail.do?seq=2128701&page=7&category=SCHOLARSHIP
64,519,공통,[대외][~07.17]2019학년도 롯데장학재단 멘토링...,학생지원센터 학생지원팀(서울),2019-07-09,852,https://www.khu.ac.kr/kor/notice/detail.do?seq=2128669&page=7&category=SCHOLARSHIP
65,518,공통,[대외][~7.23]2019년도 2학기 대정장학재단 장...,학생지원센터 학생지원팀(서울),2019-07-04,1078,https://www.khu.ac.kr/kor/notice/detail.do?seq=2128619&page=7&category=SCHOLARSHIP
66,517,공통,[공통][대외][~7.15]2019년도 정읍시민장학재단...,학생지원센터 학생지원팀(서울),2019-07-03,405,https://www.khu.ac.kr/kor/notice/detail.do?seq=2128582&page=7&category=SCHOLARSHIP
67,516,서울,[서울][대외][~7.19] 2019학년도 2학기 하영...,학생지원센터 학생지원팀(서울),2019-07-02,814,https://www.khu.ac.kr/kor/notice/detail.do?seq=2128576&page=7&category=SCHOLARSHIP
68,515,공통,[07.22~08.05]한국고등교육재단 2019년도 해...,학생지원센터 학생지원팀(서울),2019-07-01,761,https://www.khu.ac.kr/kor/notice/detail.do?seq=2128504&page=7&category=SCHOLARSHIP
69,514,공통,[공통][대외][6/27~7/01] 삼성드림클래스 20...,학생지원센터 학생지원팀(서울),2019-06-27,624,https://www.khu.ac.kr/kor/notice/detail.do?seq=2128455&page=7&category=SCHOLARSHIP
70,513,공통,[공통][대외][~7.19] 2019학년도 OK배·정장...,학생지원센터 학생지원팀(서울),2019-06-26,882,https://www.khu.ac.kr/kor/notice/detail.do?seq=2128426&page=8&category=SCHOLARSHIP
71,512,공통,[공통][대외](~ 07.12) 2019학년도 롯데장학...,학생지원센터 학생지원팀(서울),2019-06-25,903,https://www.khu.ac.kr/kor/notice/detail.do?seq=2128323&page=8&category=SCHOLARSHIP
72,511,서울,[서울][국가근로] 2019학년도 2학기 국가근로장학사...,학생지원센터 학생지원팀(서울),2019-06-25,644,https://www.khu.ac.kr/kor/notice/detail.do?seq=2128299&page=8&category=SCHOLARSHIP
73,510,공통,[공통][대외][~7.15]2019학년도 바로바로론 사...,학생지원센터 학생지원팀(서울),2019-06-24,602,https://www.khu.ac.kr/kor/notice/detail.do?seq=2127945&page=8&category=SCHOLARSHIP
74,509,공통,[공통][대외][~7.09]2019-2학기 농어촌희망...,학생지원센터 학생지원팀(서울),2019-06-21,652,https://www.khu.ac.kr/kor/notice/detail.do?seq=2127567&page=8&category=SCHOLARSHIP
75,508,공통,[대외][~7.12] 2019 하이원 나눔·키움 장학생...,학생지원센터 학생지원팀(서울),2019-06-20,721,https://www.khu.ac.kr/kor/notice/detail.do?seq=2127530&page=8&category=SCHOLARSHIP
76,507,공통,[대외][~7.19] 2019년 5.18희망장학금 장학...,학생지원센터 학생지원팀(국제),2019-06-18,770,https://www.khu.ac.kr/kor/notice/detail.do?seq=2127372&page=8&category=SCHOLARSHIP
77,506,서울,★★[서울][국가근로]2019-1학기 하계방학 국가근로...,학생지원센터 학생지원팀(서울),2019-06-14,731,https://www.khu.ac.kr/kor/notice/detail.do?seq=2127104&page=8&category=SCHOLARSHIP
78,505,서울,★★[서울][국가근로]2019-1학기 하계방학 국가근로...,학생지원센터 학생지원팀(서울),2019-06-14,424,https://www.khu.ac.kr/kor/notice/detail.do?seq=2127102&page=8&category=SCHOLARSHIP
79,504,공통,[대외][~7.10]2019학년도 KSD나눔재단 하반기...,학생지원센터 학생지원팀(서울),2019-06-12,823,https://www.khu.ac.kr/kor/notice/detail.do?seq=2126751&page=8&category=SCHOLARSHIP
80,503,공통,[대외][2019 포스코드림캠프 1기] 여름캠프 대학생...,학생지원센터 학생지원팀(서울),2019-06-12,675,https://www.khu.ac.kr/kor/notice/detail.do?seq=2126710&page=9&category=SCHOLARSHIP
81,502,국제,[교내]2019-1학기 마일리지장학 신청 안내,학생지원센터 학생지원팀(국제),2019-06-10,1562,https://www.khu.ac.kr/kor/notice/detail.do?seq=2126423&page=9&category=SCHOLARSHIP
82,501,국제,[교내] 2019학년도 하계 미래혁신인재 장학 신청 공...,학생지원센터 학생지원팀(국제),2019-06-03,1226,https://www.khu.ac.kr/kor/notice/detail.do?seq=2124587&page=9&category=SCHOLARSHIP
83,500,공통,[대외](6/5~6/28) 2019년 녹색장학사업 산림...,학생지원센터 학생지원팀(서울),2019-06-03,716,https://www.khu.ac.kr/kor/notice/detail.do?seq=2124552&page=9&category=SCHOLARSHIP
84,499,공통,[대외](6/5~7/26) 2019년 녹색장학사업 학업...,학생지원센터 학생지원팀(서울),2019-06-03,622,https://www.khu.ac.kr/kor/notice/detail.do?seq=2124550&page=9&category=SCHOLARSHIP
85,498,서울,★[서울][국가근로] 19-1학기 하계방학 국가근로장학...,학생지원센터 학생지원팀(서울),2019-05-31,639,https://www.khu.ac.kr/kor/notice/detail.do?seq=2124540&page=9&category=SCHOLARSHIP
86,497,공통,[대외][6/04~6/11] 삼성드림클래스 2019년도...,학생지원센터 학생지원팀(서울),2019-05-30,569,https://www.khu.ac.kr/kor/notice/detail.do?seq=2124287&page=9&category=SCHOLARSHIP
87,496,국제,[국제][교내]2019-1학기 장학팀 장학사정관제장학 ...,학생지원센터 학생지원팀(국제),2019-05-28,853,https://www.khu.ac.kr/kor/notice/detail.do?seq=2124194&page=9&category=SCHOLARSHIP
88,495,국제,[국제][교내] 2019-2학기 교내장학금 신청 안내,학생지원센터 학생지원팀(국제),2019-05-23,2050,https://www.khu.ac.kr/kor/notice/detail.do?seq=2122933&page=9&category=SCHOLARSHIP
89,494,서울,★★★[서울][교내](6/10 ~ 7/14)2019-2...,학생지원센터 학생지원팀(서울),2019-05-21,2305,https://www.khu.ac.kr/kor/notice/detail.do?seq=2119149&page=9&category=SCHOLARSHIP
90,493,서울,[서울][대외]2019학년도 서울장학재단 서울교환학생장...,학생지원센터 학생지원팀(서울),2019-05-21,573,https://www.khu.ac.kr/kor/notice/detail.do?seq=2119127&page=10&category=SCHOLARSHIP
91,492,공통,[공통][대외][~5.29]2019-1학기 삼성드림클래...,학생지원센터 학생지원팀(서울),2019-05-17,804,https://www.khu.ac.kr/kor/notice/detail.do?seq=2117235&page=10&category=SCHOLARSHIP
92,491,공통,[공통](5/15~5/29) 2019학년도 현대차정몽구...,학생지원센터 학생지원팀(서울),2019-05-15,734,https://www.khu.ac.kr/kor/notice/detail.do?seq=2113748&page=10&category=SCHOLARSHIP
93,490,서울,★★[서울][교내](6/17 ~ 7/14)2019-1학...,학생지원센터 학생지원팀(서울),2019-05-15,1690,https://www.khu.ac.kr/kor/notice/detail.do?seq=2113745&page=10&category=SCHOLARSHIP
94,489,서울,[서울][국가](~5/17) 2019-1학기 희망사다리...,학생지원센터 학생지원팀(서울),2019-05-14,336,https://www.khu.ac.kr/kor/notice/detail.do?seq=2113734&page=10&category=SCHOLARSHIP
95,488,공통,[수정][대외] 2019년 삼성드림클래스 여름캠프 대학...,학생지원센터 학생지원팀(국제),2019-05-14,1031,https://www.khu.ac.kr/kor/notice/detail.do?seq=2113730&page=10&category=SCHOLARSHIP
96,487,공통,[국가근로]2019학년도 2학기 국가근로장학금 1차 학...,학생지원센터 학생지원팀(서울),2019-05-14,996,https://www.khu.ac.kr/kor/notice/detail.do?seq=2113720&page=10&category=SCHOLARSHIP
97,486,공통,[공통][대외]2019학년도 MG희망나눔재단 청년 주거...,학생지원센터 학생지원팀(서울),2019-05-13,466,https://www.khu.ac.kr/kor/notice/detail.do?seq=2113693&page=10&category=SCHOLARSHIP
98,485,국제,[국가근로]2019학년도 국가근로 장학사업 하계방학 집...,학생지원센터 학생지원팀(국제),2019-05-10,880,https://www.khu.ac.kr/kor/notice/detail.do?seq=2113524&page=10&category=SCHOLARSHIP
99,484,서울,[국가근로]2019학년도 국가근로장학사업 하계방학 집중...,학생지원센터 학생지원팀(서울),2019-05-09,530,https://www.khu.ac.kr/kor/notice/detail.do?seq=2113507&page=10&category=SCHOLARSHIP
100,483,공통,[대외]2019학년도 소나무장학회 [예비 나들]장학생 ...,학생지원센터 학생지원팀(서울),2019-05-08,332,https://www.khu.ac.kr/kor/notice/detail.do?seq=2113442&page=11&category=SCHOLARSHIP
101,482,서울,★★★[서울][장학]5월 10일 장학금 지급일 변동 안...,학생지원센터 학생지원팀(서울),2019-05-07,798,https://www.khu.ac.kr/kor/notice/detail.do?seq=2113380&page=11&category=SCHOLARSHIP
102,481,공통,[대외-가계곤란]2019년도 강북구 장학생 모집 안내,학생지원센터 학생지원팀(국제),2019-05-02,378,https://www.khu.ac.kr/kor/notice/detail.do?seq=2113290&page=11&category=SCHOLARSHIP
103,480,서울,★★★[서울][교내]2019-1학기 경희꿈도전장학 최종...,학생지원센터 학생지원팀(서울),2019-05-02,589,https://www.khu.ac.kr/kor/notice/detail.do?seq=2113275&page=11&category=SCHOLARSHIP
104,479,서울,2019학년도 GKL사회공헌재단 G-Friends 장학...,학생지원센터 학생지원팀(서울),2019-04-29,639,https://www.khu.ac.kr/kor/notice/detail.do?seq=2113157&page=11&category=SCHOLARSHIP
105,478,공통,[공통][대외][~4.30]2019-1학기 삼성드림클래...,학생지원센터 학생지원팀(서울),2019-04-26,569,https://www.khu.ac.kr/kor/notice/detail.do?seq=2113100&page=11&category=SCHOLARSHIP
106,477,서울,[서울][교내]2019-1학기 경희꿈도전장학 서류평가 ...,학생지원센터 학생지원팀(서울),2019-04-25,504,https://www.khu.ac.kr/kor/notice/detail.do?seq=2113048&page=11&category=SCHOLARSHIP
107,476,서울,[대외][~5.17]2019학년도 NICE 신용평가 교...,학생지원센터 학생지원팀(서울),2019-04-24,626,https://www.khu.ac.kr/kor/notice/detail.do?seq=2112981&page=11&category=SCHOLARSHIP
108,475,공통,[공통][대외]2019 국회기후변화포럼 기후변화 장학생...,학생지원센터 학생지원팀(국제),2019-04-24,526,https://www.khu.ac.kr/kor/notice/detail.do?seq=2112977&page=11&category=SCHOLARSHIP
109,474,공통,[대외][~5.16]2019 제5기 효정평화장학생 선발...,학생지원센터 학생지원팀(국제),2019-04-24,593,https://www.khu.ac.kr/kor/notice/detail.do?seq=2112964&page=11&category=SCHOLARSHIP
110,473,공통,[대외-가계곤란]2019년 서울장학재단 서울희망 대학 ...,학생지원센터 학생지원팀(국제),2019-04-23,483,https://www.khu.ac.kr/kor/notice/detail.do?seq=2112943&page=12&category=SCHOLARSHIP
111,472,국제,"[국제][교내] 2019-1학기 국제캠퍼스 신,편,재입...",학생지원센터 학생지원팀(국제),2019-04-23,684,https://www.khu.ac.kr/kor/notice/detail.do?seq=2112915&page=12&category=SCHOLARSHIP
112,471,국제,[국제][국가장학] 2019학년도 1학기 푸른등대 삼성...,학생지원센터 학생지원팀(국제),2019-04-23,416,https://www.khu.ac.kr/kor/notice/detail.do?seq=2112913&page=12&category=SCHOLARSHIP
113,470,서울,★★[서울][국가장학]2019학년도 푸른등대 삼성SOS...,학생지원센터 학생지원팀(서울),2019-04-22,479,https://www.khu.ac.kr/kor/notice/detail.do?seq=2112864&page=12&category=SCHOLARSHIP
114,469,공통,[대외][~5.26] 2019 해커스 장학생 선발 상세...,학생지원센터 학생지원팀(국제),2019-04-22,647,https://www.khu.ac.kr/kor/notice/detail.do?seq=2112858&page=12&category=SCHOLARSHIP
115,468,공통,★★★[공통][국가장학]2019년 1학기 국가장학금 2...,학생지원센터 학생지원팀(서울),2019-04-16,1056,https://www.khu.ac.kr/kor/notice/detail.do?seq=2112513&page=12&category=SCHOLARSHIP
116,467,서울,★★★[국가장학]2019학년도 국가우수장학금(이공계) ...,학생지원센터 학생지원팀(서울),2019-04-16,440,https://www.khu.ac.kr/kor/notice/detail.do?seq=2112510&page=12&category=SCHOLARSHIP
117,466,공통,[공통][대외][~5.3]2019학년도 수림재단 장학...,학생지원센터 학생지원팀(서울),2019-04-16,437,https://www.khu.ac.kr/kor/notice/detail.do?seq=2112508&page=12&category=SCHOLARSHIP
118,465,공통,[대외]2019학년도 동구교육발전장학회 장학생 선발 안...,학생지원센터 학생지원팀(국제),2019-04-15,423,https://www.khu.ac.kr/kor/notice/detail.do?seq=2112466&page=12&category=SCHOLARSHIP
119,464,서울,★★★[서울][국가]2019학년도 국가우수장학금(이공계...,학생지원센터 학생지원팀(서울),2019-04-12,440,https://www.khu.ac.kr/kor/notice/detail.do?seq=2112415&page=12&category=SCHOLARSHIP
120,463,공통,[대외][~4.19]2019학년도 제2기 지켜줌인 대학...,학생지원센터 학생지원팀(서울),2019-04-09,702,https://www.khu.ac.kr/kor/notice/detail.do?seq=2112348&page=13&category=SCHOLARSHIP
121,462,서울,★★[서울C]2019학년도 재학생 장학참여단 최종 합격...,학생지원센터 학생지원팀(서울),2019-04-05,538,https://www.khu.ac.kr/kor/notice/detail.do?seq=2112304&page=13&category=SCHOLARSHIP
122,461,서울,[서울][국가장학] 2019년 고졸후학습자장학금(희망사...,학생지원센터 학생지원팀(서울),2019-04-03,424,https://www.khu.ac.kr/kor/notice/detail.do?seq=2112263&page=13&category=SCHOLARSHIP
123,460,공통,[대외][~4.19]2019-1학기 인천인재육성재단 장...,학생지원센터 학생지원팀(서울),2019-04-02,426,https://www.khu.ac.kr/kor/notice/detail.do?seq=2112236&page=13&category=SCHOLARSHIP
124,459,서울,★★[서울][교내]2019-1학기 점프장학 장학생 추가...,학생지원센터 학생지원팀(서울),2019-04-01,317,https://www.khu.ac.kr/kor/notice/detail.do?seq=2112201&page=13&category=SCHOLARSHIP
125,458,서울,★★[서울]2019학년도 재학생 장학참여단 1차 합격자...,학생지원센터 학생지원팀(서울),2019-04-01,293,https://www.khu.ac.kr/kor/notice/detail.do?seq=2112195&page=13&category=SCHOLARSHIP
126,457,서울,★[서울][국가]2019학년도 국가우수장학금(이공계) ...,학생지원센터 학생지원팀(서울),2019-03-28,898,https://www.khu.ac.kr/kor/notice/detail.do?seq=2112154&page=13&category=SCHOLARSHIP
127,456,공통,[대외][~4.17]2019학년도 달서인재육성장학재단 ...,학생지원센터 학생지원팀(서울),2019-03-26,667,https://www.khu.ac.kr/kor/notice/detail.do?seq=2112083&page=13&category=SCHOLARSHIP
128,455,공통,[대외][~3.31]2019학년도 경희대학교 총동문회 ...,학생지원센터 학생지원팀(서울),2019-03-25,849,https://www.khu.ac.kr/kor/notice/detail.do?seq=2112063&page=13&category=SCHOLARSHIP
129,454,서울,★★[서울][교내]2019-1학기 점프장학 장학생 신청...,학생지원센터 학생지원팀(서울),2019-03-25,802,https://www.khu.ac.kr/kor/notice/detail.do?seq=2111993&page=13&category=SCHOLARSHIP
130,453,서울,[대외][~3.27]2019학년도 서울희망 청춘 Sta...,학생지원센터 학생지원팀(서울),2019-03-21,651,https://www.khu.ac.kr/kor/notice/detail.do?seq=2111917&page=14&category=SCHOLARSHIP
131,452,서울,[대외][~3.27]2019학년도 서울희망 공익인재 장...,학생지원센터 학생지원팀(서울),2019-03-21,541,https://www.khu.ac.kr/kor/notice/detail.do?seq=2111915&page=14&category=SCHOLARSHIP
132,451,공통,[대외][~3.24 18:00]2019-1학기 삼성드림...,학생지원센터 학생지원팀(서울),2019-03-21,517,https://www.khu.ac.kr/kor/notice/detail.do?seq=2111879&page=14&category=SCHOLARSHIP
133,450,공통,[대외][~4.3]2019학년도 KSD나눔재단 'KSD...,학생지원센터 학생지원팀(서울),2019-03-21,219,https://www.khu.ac.kr/kor/notice/detail.do?seq=2111873&page=14&category=SCHOLARSHIP
134,449,공통,[대외][~4.22 17:00]2019-2학기 제24기...,학생지원센터 학생지원팀(서울),2019-03-20,1265,https://www.khu.ac.kr/kor/notice/detail.do?seq=2111818&page=14&category=SCHOLARSHIP
135,448,공통,[대외][~4.9]2019학년도 건설근로자 대학생 자녀...,학생지원센터 학생지원팀(서울),2019-03-15,697,https://www.khu.ac.kr/kor/notice/detail.do?seq=2111526&page=14&category=SCHOLARSHIP
136,447,서울,★★★[서울][교내]19-1학기 경희꿈도전장학 신청 안...,학생지원센터 학생지원팀(서울),2019-03-14,1646,https://www.khu.ac.kr/kor/notice/detail.do?seq=2111432&page=14&category=SCHOLARSHIP
137,446,공통,[교내][~3.29]2019-1학기 Lee&Moon장학...,학생지원센터 학생지원팀(서울),2019-03-13,1021,https://www.khu.ac.kr/kor/notice/detail.do?seq=2111222&page=14&category=SCHOLARSHIP
138,445,서울,[서울][교내]2019학년도 재학생 장학참여단 신청 및...,학생지원센터 학생지원팀(서울),2019-03-12,688,https://www.khu.ac.kr/kor/notice/detail.do?seq=2111191&page=14&category=SCHOLARSHIP
139,444,서울,★★[서울][교내]2019-1학기 경희꿈도전장학 설명회...,학생지원센터 학생지원팀(서울),2019-03-11,456,https://www.khu.ac.kr/kor/notice/detail.do?seq=2111148&page=14&category=SCHOLARSHIP
140,443,서울,[서울][교내]2019-1학기 경희동문장학 / 경희형제...,학생지원센터 학생지원팀(서울),2019-03-11,610,https://www.khu.ac.kr/kor/notice/detail.do?seq=2111125&page=15&category=SCHOLARSHIP
141,442,공통,[대외][~3.12]2019학년도 나주시 지방공무원 임...,학생지원센터 학생지원팀(서울),2019-03-07,402,https://www.khu.ac.kr/kor/notice/detail.do?seq=2111048&page=15&category=SCHOLARSHIP
142,441,공통,[대외] 2019학년도 용인시 인재육성재단 장학생 선발...,학생지원센터 학생지원팀(국제),2019-03-07,609,https://www.khu.ac.kr/kor/notice/detail.do?seq=2111040&page=15&category=SCHOLARSHIP
143,440,공통,[대외][~3.21]2019학년도 스타벅스 청년인재 양...,학생지원센터 학생지원팀(서울),2019-03-06,947,https://www.khu.ac.kr/kor/notice/detail.do?seq=2111012&page=15&category=SCHOLARSHIP
144,439,공통,[대외][~4.30]2019학년도 수림재단 장학생 선발...,학생지원센터 학생지원팀(서울),2019-03-06,745,https://www.khu.ac.kr/kor/notice/detail.do?seq=2111007&page=15&category=SCHOLARSHIP
145,438,공통,[대외][~3.31]2019학년도 제27기 세아해암 장...,학생지원센터 학생지원팀(서울),2019-03-06,576,https://www.khu.ac.kr/kor/notice/detail.do?seq=2111006&page=15&category=SCHOLARSHIP
146,437,서울,[대외][~3.8 17:00]2019-1학기 하림장학재...,학생지원센터 학생지원팀(서울),2019-03-05,438,https://www.khu.ac.kr/kor/notice/detail.do?seq=2110978&page=15&category=SCHOLARSHIP
147,436,서울,[대외][~3.14]2019학년도 영천시장학회 장학생 ...,학생지원센터 학생지원팀(서울),2019-03-05,355,https://www.khu.ac.kr/kor/notice/detail.do?seq=2110975&page=15&category=SCHOLARSHIP
148,435,공통,[대외][~3.7]2019-1학기 삼성드림클래스 주중주...,학생지원센터 학생지원팀(서울),2019-03-05,277,https://www.khu.ac.kr/kor/notice/detail.do?seq=2110973&page=15&category=SCHOLARSHIP
149,434,국제,[대외장학] 정산장학재단 2019년도 정산장학생 선발 ...,학생지원센터 학생지원팀(국제),2019-03-05,346,https://www.khu.ac.kr/kor/notice/detail.do?seq=2110944&page=15&category=SCHOLARSHIP
150,433,서울,★★[서울][교내]2018-1학기 경희꿈도전장학 결과발...,학생지원센터 학생지원팀(서울),2019-02-28,813,https://www.khu.ac.kr/kor/notice/detail.do?seq=2110757&page=16&category=SCHOLARSHIP
151,432,국제,2019학년도 신·편입생 경희형제·자매장학 / 경희동문...,학생지원센터 학생지원팀(국제),2019-02-28,799,https://www.khu.ac.kr/kor/notice/detail.do?seq=2110736&page=16&category=SCHOLARSHIP
152,431,서울,★★★[서울][교내]2019-1학기 우정장학(학업장려금...,학생지원센터 학생지원팀(서울),2019-02-25,1981,https://www.khu.ac.kr/kor/notice/detail.do?seq=2110568&page=16&category=SCHOLARSHIP
153,430,서울,★★★[서울][교내]2019-1학기 신·편입생/재입학생...,학생지원센터 학생지원팀(서울),2019-02-25,1406,https://www.khu.ac.kr/kor/notice/detail.do?seq=2110561&page=16&category=SCHOLARSHIP
154,429,서울,[국가근로]2019-1학기 학기중 국가교육근로장학생 최...,학생지원센터 학생지원팀(서울),2019-02-22,1025,https://www.khu.ac.kr/kor/notice/detail.do?seq=2110501&page=16&category=SCHOLARSHIP
155,428,공통,[대외][~2.25]2019학년도 삼성물산 주니어건설아...,학생지원센터 학생지원팀(서울),2019-02-20,662,https://www.khu.ac.kr/kor/notice/detail.do?seq=2110396&page=16&category=SCHOLARSHIP
156,427,서울,★[서울][국가근로] 19-1학기 국가교육근로장학 1차...,학생지원센터 학생지원팀(서울),2019-02-15,570,https://www.khu.ac.kr/kor/notice/detail.do?seq=2110194&page=16&category=SCHOLARSHIP
157,426,서울,★[서울][교내]2019학년도 서울C 교내장학 신청 및...,학생지원센터 학생지원팀(서울),2019-02-15,366,https://www.khu.ac.kr/kor/notice/detail.do?seq=2110153&page=16&category=SCHOLARSHIP
158,425,서울,[국가근로] 2019학년도 1학기 국가교육근로장학사업 ...,학생지원센터 학생지원팀(서울),2019-02-12,1620,https://www.khu.ac.kr/kor/notice/detail.do?seq=2109957&page=16&category=SCHOLARSHIP
159,424,공통,[대외][~3.15]2019-1학기 울산인재육성재단 장...,학생지원센터 학생지원팀(국제),2019-02-12,719,https://www.khu.ac.kr/kor/notice/detail.do?seq=2109935&page=16&category=SCHOLARSHIP
160,423,서울,[서울][대외][~2.14]2019학년도 휘경교회 장학...,학생지원센터 학생지원팀(서울),2019-02-08,747,https://www.khu.ac.kr/kor/notice/detail.do?seq=2109870&page=17&category=SCHOLARSHIP
161,422,공통,[대외][~2.8]2019학년도 한재협 SK C&C 행...,학생지원센터 학생지원팀(서울),2019-01-30,1438,https://www.khu.ac.kr/kor/notice/detail.do?seq=2109600&page=17&category=SCHOLARSHIP
162,421,공통,[대외][~2.1]2019학년도 은평구민장학재단 장학생...,학생지원센터 학생지원팀(서울),2019-01-30,375,https://www.khu.ac.kr/kor/notice/detail.do?seq=2109597&page=17&category=SCHOLARSHIP
163,420,공통,[대외][~2.8]2019-1학기 홍산장학재단 장학생 ...,학생지원센터 학생지원팀(서울),2019-01-29,814,https://www.khu.ac.kr/kor/notice/detail.do?seq=2109568&page=17&category=SCHOLARSHIP
164,419,국제,일반대학원(국제캠퍼스) 행정실 국가근로장학생 선발 공고,일반대학원(국제),2019-01-24,1321,https://www.khu.ac.kr/kor/notice/detail.do?seq=2109458&page=17&category=SCHOLARSHIP
165,418,공통,[대외][~2.12]2019학년도 한국마사회 장학관 입...,학생지원센터 학생지원팀(서울),2019-01-24,1123,https://www.khu.ac.kr/kor/notice/detail.do?seq=2109442&page=17&category=SCHOLARSHIP
166,417,공통,[대외][~2.1]2019학년도 경기도장학관 입사생 선...,학생지원센터 학생지원팀(서울),2019-01-23,671,https://www.khu.ac.kr/kor/notice/detail.do?seq=2109418&page=17&category=SCHOLARSHIP
167,416,공통,[대외][~2.8]2019학년도 동암장학회 장학생 선발...,학생지원센터 학생지원팀(서울),2019-01-23,706,https://www.khu.ac.kr/kor/notice/detail.do?seq=2109416&page=17&category=SCHOLARSHIP
168,415,서울,★★[서울][교내]2019-1학기 경희목련장학 운영 안...,학생지원센터 학생지원팀(서울),2019-01-18,2769,https://www.khu.ac.kr/kor/notice/detail.do?seq=2109314&page=17&category=SCHOLARSHIP
169,414,공통,[대외][~1.31]2019학년도 제주삼다수재단 장학생...,학생지원센터 학생지원팀(서울),2019-01-17,892,https://www.khu.ac.kr/kor/notice/detail.do?seq=2109278&page=17&category=SCHOLARSHIP
170,413,서울,[대외][~2.7]2019학년도 숭덕육영회 장학생 선발...,학생지원센터 학생지원팀(서울),2019-01-17,735,https://www.khu.ac.kr/kor/notice/detail.do?seq=2109275&page=18&category=SCHOLARSHIP
171,412,서울,★[서울][교내]2019-1학기 고시장학A 신청 안내,학생지원센터 학생지원팀(서울),2019-01-17,591,https://www.khu.ac.kr/kor/notice/detail.do?seq=2109269&page=18&category=SCHOLARSHIP
172,411,공통,[공통]2019-1학기 한국장학재단 - 은행권 대학생 ...,학생지원센터 학생지원팀(서울),2019-01-17,861,https://www.khu.ac.kr/kor/notice/detail.do?seq=2109267&page=18&category=SCHOLARSHIP
173,410,공통,[대외][~1.29]2019-1학기 바로크레디트 사랑나...,학생지원센터 학생지원팀(서울),2019-01-15,786,https://www.khu.ac.kr/kor/notice/detail.do?seq=2109222&page=18&category=SCHOLARSHIP
174,409,공통,[대외][~2.8]2019학년도 통영시 저소득 대학생 ...,학생지원센터 학생지원팀(서울),2019-01-10,684,https://www.khu.ac.kr/kor/notice/detail.do?seq=2109075&page=18&category=SCHOLARSHIP
175,408,공통,[대외][~2.1]2019학년도 경상남도 남명학사 입사...,학생지원센터 학생지원팀(서울),2019-01-09,695,https://www.khu.ac.kr/kor/notice/detail.do?seq=2109006&page=18&category=SCHOLARSHIP
176,407,공통,[대외][~1.25]2019학년도 더 라이트 핸즈 장학...,학생지원센터 학생지원팀(서울),2019-01-09,1133,https://www.khu.ac.kr/kor/notice/detail.do?seq=2109003&page=18&category=SCHOLARSHIP
177,406,공통,[대외][~1.31]2019학년도 신라문화장학재단 장학...,학생지원센터 학생지원팀(서울),2019-01-09,868,https://www.khu.ac.kr/kor/notice/detail.do?seq=2109000&page=18&category=SCHOLARSHIP
178,405,서울,[서울][교내]2019-1학기 교내장학 추가신청 안내,학생지원센터 학생지원팀(서울),2019-01-07,1985,https://www.khu.ac.kr/kor/notice/detail.do?seq=2108934&page=18&category=SCHOLARSHIP
179,404,공통,[대외][~1.18]2019학년도 푸드스마일즈 우양 장...,학생지원센터 학생지원팀(서울),2019-01-03,1077,https://www.khu.ac.kr/kor/notice/detail.do?seq=2108825&page=18&category=SCHOLARSHIP
180,403,공통,[대외][~3.8]2019학년도 한국고등교육재단 장학생...,학생지원센터 학생지원팀(서울),2019-01-03,1602,https://www.khu.ac.kr/kor/notice/detail.do?seq=2108790&page=19&category=SCHOLARSHIP
181,402,공통,[대외][~1.16]2019학년도 광주시민장학회 장학생...,학생지원센터 학생지원팀(서울),2019-01-03,410,https://www.khu.ac.kr/kor/notice/detail.do?seq=2108788&page=19&category=SCHOLARSHIP
182,401,공통,[대외][~1.11]2019학년도 쌍용 곰두리 장학생 ...,학생지원센터 학생지원팀(서울),2019-01-03,520,https://www.khu.ac.kr/kor/notice/detail.do?seq=2108783&page=19&category=SCHOLARSHIP
183,400,공통,[대외][~1.15]2019-1학기 농어촌희망재단 농업...,학생지원센터 학생지원팀(서울),2018-12-28,554,https://www.khu.ac.kr/kor/notice/detail.do?seq=2108703&page=19&category=SCHOLARSHIP
184,399,공통,[대외][~1.9](기한연장)2019학년도 DB김준기문...,학생지원센터 학생지원팀(서울),2018-12-28,483,https://www.khu.ac.kr/kor/notice/detail.do?seq=2108702&page=19&category=SCHOLARSHIP
185,398,서울,[대외][~1.25]2019학년도 종근당고촌재단 고촌학...,학생지원센터 학생지원팀(서울),2018-12-28,660,https://www.khu.ac.kr/kor/notice/detail.do?seq=2108699&page=19&category=SCHOLARSHIP
186,397,서울,[대외][~1.25]2019학년도 종근당고촌재단 생활비...,학생지원센터 학생지원팀(서울),2018-12-28,662,https://www.khu.ac.kr/kor/notice/detail.do?seq=2108696&page=19&category=SCHOLARSHIP
187,396,서울,[대외][~1.3]2019-1학기 삼성드림클래스 주중주...,학생지원센터 학생지원팀(서울),2018-12-27,593,https://www.khu.ac.kr/kor/notice/detail.do?seq=2108622&page=19&category=SCHOLARSHIP
188,395,공통,[대외][~1.11]2019학년도 삼성전자 대학생봉사단...,학생지원센터 학생지원팀(서울),2018-12-27,776,https://www.khu.ac.kr/kor/notice/detail.do?seq=2108621&page=19&category=SCHOLARSHIP
189,394,서울,[대외][~1.21]2019학년도 삼성카드 골든벨 스터...,학생지원센터 학생지원팀(서울),2018-12-27,848,https://www.khu.ac.kr/kor/notice/detail.do?seq=2108618&page=19&category=SCHOLARSHIP
190,393,국제,일반대학원(국제캠퍼스) 행정실 국가근로장학생 및 교내근...,일반대학원(국제),2018-12-27,579,https://www.khu.ac.kr/kor/notice/detail.do?seq=2108500&page=20&category=SCHOLARSHIP
191,392,공통,[대외][~1.9]2019학년도 1학기 정수장학회 장학...,학생지원센터 학생지원팀(서울),2018-12-24,741,https://www.khu.ac.kr/kor/notice/detail.do?seq=2108456&page=20&category=SCHOLARSHIP
192,391,국제,[대외][~12/31](수정)제3회 ㈜골든블루 마스터블...,학생지원센터 학생지원팀(국제),2018-12-21,594,https://www.khu.ac.kr/kor/notice/detail.do?seq=2108405&page=20&category=SCHOLARSHIP
193,390,서울,[국가근로]2018-2학기 동계방학 국가교육근로장학생 ...,학생지원센터 학생지원팀(서울),2018-12-21,732,https://www.khu.ac.kr/kor/notice/detail.do?seq=2108402&page=20&category=SCHOLARSHIP
194,389,공통,★[대외][수정] 2019년도 한국지도자육성장학재단 선...,학생지원센터 학생지원팀(국제),2018-12-20,999,https://www.khu.ac.kr/kor/notice/detail.do?seq=2108375&page=20&category=SCHOLARSHIP
195,388,공통,[국가근로]2019년 1~2월 국가교육근로장학사업 교내...,학생지원센터 학생지원팀(서울),2018-12-17,1289,https://www.khu.ac.kr/kor/notice/detail.do?seq=2108279&page=20&category=SCHOLARSHIP
196,387,공통,★[대외-신입생][~2.1]2019학년도 용운장학재단 ...,학생지원센터 학생지원팀(서울),2018-12-17,1262,https://www.khu.ac.kr/kor/notice/detail.do?seq=2108264&page=20&category=SCHOLARSHIP
197,386,서울,2018년 겨울방학 “한국장학재단-은행권 대학생 연합생...,학생지원센터 학생지원팀(서울),2018-12-17,420,https://www.khu.ac.kr/kor/notice/detail.do?seq=2108252&page=20&category=SCHOLARSHIP
198,385,공통,일반대학원(국제캠퍼스) 행정실 국가근로장학생 및 교내근...,일반대학원(국제),2018-12-17,504,https://www.khu.ac.kr/kor/notice/detail.do?seq=2108250&page=20&category=SCHOLARSHIP
199,384,공통,[대외][~12.31]2019학년도 제20회 이한열장학...,학생지원센터 학생지원팀(서울),2018-12-14,625,https://www.khu.ac.kr/kor/notice/detail.do?seq=2108216&page=20&category=SCHOLARSHIP
200,383,공통,[대외][~12.14]2019-1학기 삼성드림클래스 주...,학생지원센터 학생지원팀(서울),2018-12-13,374,https://www.khu.ac.kr/kor/notice/detail.do?seq=2108181&page=21&category=SCHOLARSHIP
201,382,국제,[국가근로] 2018-2학기 동계방학 국가교육근로장학 ...,학생지원센터 학생지원팀(국제),2018-12-12,675,https://www.khu.ac.kr/kor/notice/detail.do?seq=2108153&page=21&category=SCHOLARSHIP
202,381,공통,[대외][~1.9]2019학년도 성옥문화재단 장학생 추...,학생지원센터 학생지원팀(서울),2018-12-12,712,https://www.khu.ac.kr/kor/notice/detail.do?seq=2108151&page=21&category=SCHOLARSHIP
203,380,공통,[대외][~1.25]2019학년도 동아시아연구원(EAI...,학생지원센터 학생지원팀(서울),2018-12-12,746,https://www.khu.ac.kr/kor/notice/detail.do?seq=2108149&page=21&category=SCHOLARSHIP
204,379,서울,[대외][~1.11]2019-1학기 태성장학회 장학생 ...,학생지원센터 학생지원팀(서울),2018-12-11,785,https://www.khu.ac.kr/kor/notice/detail.do?seq=2108111&page=21&category=SCHOLARSHIP
205,378,서울,[대외][~1.18]2019학년도 백암재단 장학관 지원...,학생지원센터 학생지원팀(서울),2018-12-10,809,https://www.khu.ac.kr/kor/notice/detail.do?seq=2108089&page=21&category=SCHOLARSHIP
206,377,국제,[국가근로] 2018 동계방학 중 집중근로 프로그램 1...,학생지원센터 학생지원팀(국제),2018-12-10,660,https://www.khu.ac.kr/kor/notice/detail.do?seq=2108071&page=21&category=SCHOLARSHIP
207,376,공통,★[대외_신입생][~12.27]2019학년도 12기 M...,학생지원센터 학생지원팀(서울),2018-12-10,950,https://www.khu.ac.kr/kor/notice/detail.do?seq=2108065&page=21&category=SCHOLARSHIP
208,375,서울,★★[서울][국가근로]2018-2학기 동계방학 국가교욱...,학생지원센터 학생지원팀(서울),2018-12-07,475,https://www.khu.ac.kr/kor/notice/detail.do?seq=2108033&page=21&category=SCHOLARSHIP
209,374,공통,[대외][~1.17]2019학년도 함경북도장학회 제52...,학생지원센터 학생지원팀(서울),2018-12-06,816,https://www.khu.ac.kr/kor/notice/detail.do?seq=2108011&page=21&category=SCHOLARSHIP
210,373,공통,[대외][~1.14]2019학년도 협성문화재단 건설근로...,학생지원센터 학생지원팀(서울),2018-12-05,869,https://www.khu.ac.kr/kor/notice/detail.do?seq=2107959&page=22&category=SCHOLARSHIP
211,372,공통,[대외][~1.4(일정 변경)]2019-1학기 삼일장학...,학생지원센터 학생지원팀(서울),2018-12-05,956,https://www.khu.ac.kr/kor/notice/detail.do?seq=2107950&page=22&category=SCHOLARSHIP
212,371,공통,[대외][~1.4] 2019학년도 OK배·정장학재단 장...,학생지원센터 학생지원팀(국제),2018-12-04,1048,https://www.khu.ac.kr/kor/notice/detail.do?seq=2107918&page=22&category=SCHOLARSHIP
213,370,공통,[대외][~2.8]2019학년도 재일한국인본국투자협회 ...,학생지원센터 학생지원팀(서울),2018-12-03,768,https://www.khu.ac.kr/kor/notice/detail.do?seq=2107860&page=22&category=SCHOLARSHIP
214,369,공통,[대외][~12.31]2019학년도 아산사회복지재단 아...,학생지원센터 학생지원팀(서울),2018-11-30,769,https://www.khu.ac.kr/kor/notice/detail.do?seq=2107778&page=22&category=SCHOLARSHIP
215,368,국제,[교내]2019학년도 1학기 교내장학금 신청 안내,학생지원센터 학생지원팀(국제),2018-11-28,1952,https://www.khu.ac.kr/kor/notice/detail.do?seq=2107725&page=22&category=SCHOLARSHIP
216,367,서울,★★[교내]2018-2학기 CHEER-UP 장학 안내,학생지원센터 학생지원팀(서울),2018-11-26,2150,https://www.khu.ac.kr/kor/notice/detail.do?seq=2107634&page=22&category=SCHOLARSHIP
217,366,공통,[대외][~12.14]2019-1학기 삼성드림클래스 주...,학생지원센터 학생지원팀(서울),2018-11-26,957,https://www.khu.ac.kr/kor/notice/detail.do?seq=2107619&page=22&category=SCHOLARSHIP
218,365,국제,일반대학원(국제캠퍼스) 행정실 교내근로학생 모집,일반대학원(국제),2018-11-23,446,https://www.khu.ac.kr/kor/notice/detail.do?seq=2107585&page=22&category=SCHOLARSHIP
219,364,공통,[대외][~12.14]2019학년도 두산연강재단 장학생...,학생지원센터 학생지원팀(서울),2018-11-22,1281,https://www.khu.ac.kr/kor/notice/detail.do?seq=2107557&page=22&category=SCHOLARSHIP
220,363,서울,[대외][~12.11]2018학년도 KRX국민행복재단 ...,학생지원센터 학생지원팀(서울),2018-11-22,874,https://www.khu.ac.kr/kor/notice/detail.do?seq=2107551&page=23&category=SCHOLARSHIP
221,362,공통,[대외][~1.4]2019학년도 DB김준기문화재단 장학...,학생지원센터 학생지원팀(서울),2018-11-22,907,https://www.khu.ac.kr/kor/notice/detail.do?seq=2107550&page=23&category=SCHOLARSHIP
222,361,공통,[대외][~12.7]2019학년도 한마음수학멘토스쿨 7...,학생지원센터 학생지원팀(서울),2018-11-22,826,https://www.khu.ac.kr/kor/notice/detail.do?seq=2107548&page=23&category=SCHOLARSHIP
223,360,서울,★★★[교내]2019-1학기 교내장학금 신청 안내,학생지원센터 학생지원팀(서울),2018-11-22,1765,https://www.khu.ac.kr/kor/notice/detail.do?seq=2107535&page=23&category=SCHOLARSHIP
224,359,국제,"[국제]2018-1학기 신,편,재입학생 입학금감축대응지...",학생지원센터 학생지원팀(국제),2018-11-21,623,https://www.khu.ac.kr/kor/notice/detail.do?seq=2107515&page=23&category=SCHOLARSHIP
225,358,국제,일반대학원(국제캠퍼스) 행정실 교내근로학생 모집,일반대학원(국제),2018-11-21,304,https://www.khu.ac.kr/kor/notice/detail.do?seq=2107510&page=23&category=SCHOLARSHIP
226,357,공통,[국가근로]2019학년도 1학기 국가 교육근로장학사업 ...,학생지원센터 학생지원팀(국제),2018-11-20,1201,https://www.khu.ac.kr/kor/notice/detail.do?seq=2107431&page=23&category=SCHOLARSHIP
227,356,서울,★★[교내]2018-2학기 모자이크장학금 신청 안내,학생지원센터 학생지원팀(서울),2018-11-20,1923,https://www.khu.ac.kr/kor/notice/detail.do?seq=2107427&page=23&category=SCHOLARSHIP
228,355,공통,★★★[국가]2019학년도 1학기 국가장학금 1차 신청...,학생지원센터 학생지원팀(서울),2018-11-19,775,https://www.khu.ac.kr/kor/notice/detail.do?seq=2107377&page=23&category=SCHOLARSHIP
229,354,공통,[대외][~1.14]2019년도 11회 이수병장학생 선...,학생지원센터 학생지원팀(서울),2018-11-15,1027,https://www.khu.ac.kr/kor/notice/detail.do?seq=2107305&page=23&category=SCHOLARSHIP
230,353,서울,[국가근로]2018학년도 국가 교육근로장학사업 동계방학...,학생지원센터 학생지원팀(서울),2018-11-14,818,https://www.khu.ac.kr/kor/notice/detail.do?seq=2107241&page=24&category=SCHOLARSHIP
231,352,국제,[국가근로] 2018학년도 국가 교육근로장학사업 동계방...,학생지원센터 학생지원팀(국제),2018-11-14,846,https://www.khu.ac.kr/kor/notice/detail.do?seq=2107239&page=24&category=SCHOLARSHIP
232,351,국제,[국제] 2018-2학기 푸른등대 삼성SOS장학금 일시...,학생지원센터 학생지원팀(국제),2018-11-12,708,https://www.khu.ac.kr/kor/notice/detail.do?seq=2107149&page=24&category=SCHOLARSHIP
233,350,서울,[서울][교내]2018-2학기 모자이크장학 설명회 개최,학생지원센터 학생지원팀(서울),2018-11-09,791,https://www.khu.ac.kr/kor/notice/detail.do?seq=2107089&page=24&category=SCHOLARSHIP
234,349,서울,★린더 캘린더 서비스(장학 일정 알림) 개시,학생지원센터 학생지원팀(서울),2018-11-09,785,https://www.khu.ac.kr/kor/notice/detail.do?seq=2107084&page=24&category=SCHOLARSHIP
235,348,서울,[대외][~11.16]2018학년도 서울장학재단 유영아...,학생지원센터 학생지원팀(서울),2018-11-07,550,https://www.khu.ac.kr/kor/notice/detail.do?seq=2106937&page=24&category=SCHOLARSHIP
236,347,공통,[대외][~12.21](수정)2019학년도 하이트진로홀...,학생지원센터 학생지원팀(서울),2018-11-07,1083,https://www.khu.ac.kr/kor/notice/detail.do?seq=2106875&page=24&category=SCHOLARSHIP
237,346,공통,[대외][~19.1.2]2019학년도 행복영도장학회 제...,학생지원센터 학생지원팀(서울),2018-11-05,919,https://www.khu.ac.kr/kor/notice/detail.do?seq=2106644&page=24&category=SCHOLARSHIP
238,345,공통,[대외][~11.16]2019학년도 관정이종환교육재단 ...,학생지원센터 학생지원팀(서울),2018-11-02,717,https://www.khu.ac.kr/kor/notice/detail.do?seq=2106579&page=24&category=SCHOLARSHIP
239,344,공통,★경희대학교 쿠봇(AI 기반 지능형 민원 무인상담) 서...,학생지원센터 학생지원팀(서울),2018-10-31,650,https://www.khu.ac.kr/kor/notice/detail.do?seq=2106419&page=24&category=SCHOLARSHIP
240,343,국제,[국제]2018학년도 2학기 우정(가계곤란)장학 신청 ...,학생지원센터 학생지원팀(국제),2018-10-29,1282,https://www.khu.ac.kr/kor/notice/detail.do?seq=2106245&page=25&category=SCHOLARSHIP
241,342,서울,[서울][교내]2018-2학기 경희꿈도전장학 서류평가 ...,학생지원센터 학생지원팀(서울),2018-10-26,638,https://www.khu.ac.kr/kor/notice/detail.do?seq=2106196&page=25&category=SCHOLARSHIP
242,341,공통,[공통][대외][~10.31]2018학년도 제4회 현대...,학생지원센터 학생지원팀(서울),2018-10-25,538,https://www.khu.ac.kr/kor/notice/detail.do?seq=2106101&page=25&category=SCHOLARSHIP
243,340,공통,[공통][국가장학] 2018-1학기 입학금감축대응지원 ...,학생지원센터 학생지원팀(국제),2018-10-24,674,https://www.khu.ac.kr/kor/notice/detail.do?seq=2106088&page=25&category=SCHOLARSHIP
244,339,공통,[공통][국가장학]2018년 2학기 국가장학금 2차 신...,학생지원센터 학생지원팀(서울),2018-10-24,661,https://www.khu.ac.kr/kor/notice/detail.do?seq=2106072&page=25&category=SCHOLARSHIP
245,338,서울,[대외][~11.7]2018-2학기 서울장학재단 서울평...,학생지원센터 학생지원팀(국제),2018-10-24,534,https://www.khu.ac.kr/kor/notice/detail.do?seq=2106070&page=25&category=SCHOLARSHIP
246,337,공통,[대외][~10.31]2018-2학기 삼성드림클래스 주...,학생지원센터 학생지원팀(국제),2018-10-24,477,https://www.khu.ac.kr/kor/notice/detail.do?seq=2106068&page=25&category=SCHOLARSHIP
247,336,공통,[대외][~11.9]2018-2학기 인천인재육성재단 장...,학생지원센터 학생지원팀(국제),2018-10-24,436,https://www.khu.ac.kr/kor/notice/detail.do?seq=2106066&page=25&category=SCHOLARSHIP
248,335,공통,[대외][~11.9]2019학년도 아름다운재단 대학생 ...,학생지원센터 학생지원팀(국제),2018-10-17,1095,https://www.khu.ac.kr/kor/notice/detail.do?seq=2105924&page=25&category=SCHOLARSHIP
249,334,공통,[대외][~11.23]2019학년도 STX장학재단 장학...,학생지원센터 학생지원팀(국제),2018-10-17,974,https://www.khu.ac.kr/kor/notice/detail.do?seq=2105922&page=25&category=SCHOLARSHIP
250,333,공통,[대외][~10.31]2019학년도 삼성드림클래스 겨울...,학생지원센터 학생지원팀(국제),2018-10-16,962,https://www.khu.ac.kr/kor/notice/detail.do?seq=2105871&page=26&category=SCHOLARSHIP
251,332,서울,[교내]2018-2학기 경희꿈도전장학 설명회 개최,학생지원처 장학팀,2018-09-17,1460,https://www.khu.ac.kr/kor/notice/detail.do?seq=112615&page=26&category=SCHOLARSHIP
252,331,공통,[공통][대외][~10.19]2018학년도 제2차 용인...,학생지원센터 학생지원팀(국제),2018-09-17,994,https://www.khu.ac.kr/kor/notice/detail.do?seq=112614&page=26&category=SCHOLARSHIP
253,330,국제,[국제][국가근로]2018-2학기 학기중 국가교육근로장...,학생지원센터 학생지원팀(국제),2018-09-10,603,https://www.khu.ac.kr/kor/notice/detail.do?seq=112560&page=26&category=SCHOLARSHIP
254,329,공통,[공통][대외][~10.5]2018-2학기 울산인재육성...,학생지원센터 학생지원팀(국제),2018-09-10,1003,https://www.khu.ac.kr/kor/notice/detail.do?seq=112556&page=26&category=SCHOLARSHIP
255,328,공통,[대외][~9.30]2018-2학기 고속도로장학재단 장...,학생지원처 장학팀,2018-09-06,1326,https://www.khu.ac.kr/kor/notice/detail.do?seq=112536&page=26&category=SCHOLARSHIP
256,327,공통,[국가장학]2018-2학기 국가장학금 2차 신청 특별연...,학생지원센터 학생지원팀(국제),2018-09-05,688,https://www.khu.ac.kr/kor/notice/detail.do?seq=112509&page=26&category=SCHOLARSHIP
257,326,서울,[교내]2017-2학기 경희꿈도전장학 결과발표회(2차)...,학생지원처 장학팀,2018-09-04,929,https://www.khu.ac.kr/kor/notice/detail.do?seq=112498&page=26&category=SCHOLARSHIP
258,325,국제,[국제][국가근로]2018-2학기 학기중 국가교육근로장...,학생지원센터 학생지원팀(국제),2018-09-04,576,https://www.khu.ac.kr/kor/notice/detail.do?seq=112496&page=26&category=SCHOLARSHIP
259,324,서울,[교내](수정)2018-2학기 경희꿈도전장학 신청안내,학생지원처 장학팀,2018-09-04,1551,https://www.khu.ac.kr/kor/notice/detail.do?seq=112493&page=26&category=SCHOLARSHIP
260,323,공통,[대외][~9.17]2018-2학기 은평구민장학재단 장...,학생지원처 장학팀,2018-09-04,636,https://www.khu.ac.kr/kor/notice/detail.do?seq=112491&page=27&category=SCHOLARSHIP
261,322,공통,[대외][~11.2]2018-2학기 수림재단 제5회 동...,학생지원처 장학팀,2018-09-03,877,https://www.khu.ac.kr/kor/notice/detail.do?seq=112485&page=27&category=SCHOLARSHIP
262,321,공통,[대외][~10.8]2018-2학기 (재)달서인재육성장...,학생지원처 장학팀,2018-09-03,741,https://www.khu.ac.kr/kor/notice/detail.do?seq=112483&page=27&category=SCHOLARSHIP
263,320,공통,[대외][~9.20 17시]2019-1학기 제23기 미...,학생지원처 장학팀,2018-08-31,1291,https://www.khu.ac.kr/kor/notice/detail.do?seq=112453&page=27&category=SCHOLARSHIP
264,319,공통,[대외][~9.21]2018-2학기 경주시장학회 선발 ...,학생지원처 장학팀,2018-08-30,567,https://www.khu.ac.kr/kor/notice/detail.do?seq=112446&page=27&category=SCHOLARSHIP
265,318,공통,[대외][~9.28]제19기 앨트웰민초장학재단 장학생 ...,학생지원처 장학팀,2018-08-29,964,https://www.khu.ac.kr/kor/notice/detail.do?seq=112437&page=27&category=SCHOLARSHIP
266,317,공통,[대외][~8.28]KSD나눔재단과 함께하는 'KSD ...,학생지원처 장학팀,2018-08-27,1037,https://www.khu.ac.kr/kor/notice/detail.do?seq=112404&page=27&category=SCHOLARSHIP
267,316,서울,[교내]2018-2학기 우정장학(학업장려금) 신청안내,학생지원처 장학팀,2018-08-24,2060,https://www.khu.ac.kr/kor/notice/detail.do?seq=112387&page=27&category=SCHOLARSHIP
268,315,서울,[교내]2018-2학기 복학생 · 재입학생 우정장학 신...,학생지원처 장학팀,2018-08-24,920,https://www.khu.ac.kr/kor/notice/detail.do?seq=112385&page=27&category=SCHOLARSHIP
269,314,공통,[공통][대외][~9.5] 2018 하이원 나눔·키움 ...,학생지원센터 학생지원팀(국제),2018-08-22,808,https://www.khu.ac.kr/kor/notice/detail.do?seq=112367&page=27&category=SCHOLARSHIP
270,313,공통,[대외][~9.14]2018학년도 (재)포항시장학회 장...,학생지원처 장학팀,2018-08-22,601,https://www.khu.ac.kr/kor/notice/detail.do?seq=112348&page=28&category=SCHOLARSHIP
271,312,공통,[국가장학] 2018-2학기 국가장학금 2차 신청 안내,학생지원센터 학생지원팀(국제),2018-08-21,813,https://www.khu.ac.kr/kor/notice/detail.do?seq=112335&page=28&category=SCHOLARSHIP
272,311,서울,[교외][~8.19]2018학년도 현대건설 힐스테이트 ...,학생지원처 장학팀,2018-08-16,791,https://www.khu.ac.kr/kor/notice/detail.do?seq=112309&page=28&category=SCHOLARSHIP
273,310,서울,[교내]2017-2학기 경희꿈도전장학 결과발표회(1차)...,학생지원처 장학팀,2018-08-07,1095,https://www.khu.ac.kr/kor/notice/detail.do?seq=112248&page=28&category=SCHOLARSHIP
274,309,서울,[대외][~8.13]2018-2학기 삼성화재 꿈터공부방...,학생지원처 장학팀,2018-08-03,829,https://www.khu.ac.kr/kor/notice/detail.do?seq=112214&page=28&category=SCHOLARSHIP
275,308,공통,[대외][~9.28]2018-2학기 (재)인중.제고장학...,학생지원처 장학팀,2018-08-03,720,https://www.khu.ac.kr/kor/notice/detail.do?seq=112213&page=28&category=SCHOLARSHIP
276,307,국제,[국제]2018-2 국가 교육근로장학사업 서울권역 교...,학생지원센터 학생지원팀(국제),2018-08-02,1210,https://www.khu.ac.kr/kor/notice/detail.do?seq=112196&page=28&category=SCHOLARSHIP
277,306,서울,[교내]2018-2학기 고시장학A 신청 안내,학생지원처 장학팀,2018-07-23,897,https://www.khu.ac.kr/kor/notice/detail.do?seq=112091&page=28&category=SCHOLARSHIP
278,305,공통,[대외] 2018년도 정읍시민장학재단 장학생 선발 공고,학생지원센터 학생지원팀(국제),2018-07-05,888,https://www.khu.ac.kr/kor/notice/detail.do?seq=111956&page=28&category=SCHOLARSHIP
279,304,공통,[대외~7.20]2018 해석 정해영 선생 장학문화재단...,학생지원처 장학팀,2018-07-05,886,https://www.khu.ac.kr/kor/notice/detail.do?seq=111952&page=28&category=SCHOLARSHIP
280,303,공통,★장학 관련 문자메시지(SMS) 대량 발송 중단 안내,학생지원처 장학팀,2018-07-03,1174,https://www.khu.ac.kr/kor/notice/detail.do?seq=111927&page=29&category=SCHOLARSHIP
281,302,공통,[대외] 2018년도 2학기 대정장학재단 장학생 선발 ...,학생지원센터 학생지원팀(국제),2018-07-03,1169,https://www.khu.ac.kr/kor/notice/detail.do?seq=111923&page=29&category=SCHOLARSHIP
282,301,국제,[대외]2018년도 2학기 농업인자녀 및 농림축산식품분...,학생지원센터 학생지원팀(국제),2018-07-03,599,https://www.khu.ac.kr/kor/notice/detail.do?seq=111917&page=29&category=SCHOLARSHIP
283,300,서울,[교내]2018-1학기 모자이크장학 신청 오류 안내,학생지원처 장학팀,2018-06-29,473,https://www.khu.ac.kr/kor/notice/detail.do?seq=111905&page=29&category=SCHOLARSHIP
284,299,서울,[교내][2018-2학기 교내장학 신청 관련 오류 안내...,학생지원처 장학팀,2018-06-29,616,https://www.khu.ac.kr/kor/notice/detail.do?seq=111904&page=29&category=SCHOLARSHIP
285,298,공통,[대외] '18년도 하반기 삼성드림클래스 주중·주말교실...,학생지원센터 학생지원팀(국제),2018-06-27,1726,https://www.khu.ac.kr/kor/notice/detail.do?seq=111870&page=29&category=SCHOLARSHIP
286,297,공통,[대외]2018학년도 바로바로론 사랑나눔 장학생 모집 ...,학생지원처 장학팀,2018-06-26,1058,https://www.khu.ac.kr/kor/notice/detail.do?seq=111854&page=29&category=SCHOLARSHIP
287,296,공통,[대외] 2018학년도 5·18 희망장학생 선발 안내,학생지원센터 학생지원팀(국제),2018-06-22,1263,https://www.khu.ac.kr/kor/notice/detail.do?seq=111826&page=29&category=SCHOLARSHIP
288,295,서울,[국가근로] 2018-1학기 하계방학 국가교육근로장학 ...,학생지원처 장학팀,2018-06-15,1364,https://www.khu.ac.kr/kor/notice/detail.do?seq=111769&page=29&category=SCHOLARSHIP
289,294,공통,[국가장학]2018-1학기 입학금감축대응지원 추가 신청...,학생지원센터 학생지원팀(국제),2018-06-15,2064,https://www.khu.ac.kr/kor/notice/detail.do?seq=111763&page=29&category=SCHOLARSHIP
290,293,서울,[대외]2018-1학기 총학생회&생활협동조합이 함께하는...,학생지원처 장학팀,2018-06-08,1511,https://www.khu.ac.kr/kor/notice/detail.do?seq=111711&page=30&category=SCHOLARSHIP
291,292,국제,[국제]2018학년도 2학기 교내장학금 신청 안내,학생지원센터 학생지원팀(국제),2018-06-07,2764,https://www.khu.ac.kr/kor/notice/detail.do?seq=111695&page=30&category=SCHOLARSHIP
292,291,서울,[국가근로] 2018-1학기 하계방학 국가교육근로장학 ...,학생지원처 장학팀,2018-06-01,951,https://www.khu.ac.kr/kor/notice/detail.do?seq=111659&page=30&category=SCHOLARSHIP
293,290,공통,[대외] 2018년 녹색장학사업 학업장학생 선발 공고,학생지원센터 학생지원팀(국제),2018-05-30,1261,https://www.khu.ac.kr/kor/notice/detail.do?seq=111621&page=30&category=SCHOLARSHIP
294,289,공통,[대외] 2018년 서울희망 대학 장학금 추가 특별 선...,학생지원센터 학생지원팀(국제),2018-05-28,1582,https://www.khu.ac.kr/kor/notice/detail.do?seq=111602&page=30&category=SCHOLARSHIP
295,288,공통,[대외] 2018학년도 녹산장학재단 장학생 모집,학생지원센터 학생지원팀(국제),2018-05-25,982,https://www.khu.ac.kr/kor/notice/detail.do?seq=111596&page=30&category=SCHOLARSHIP
296,287,공통,[대외]2018-1학기 삼성드림클래스 주중주말교실 대학...,학생지원처 장학팀,2018-05-21,800,https://www.khu.ac.kr/kor/notice/detail.do?seq=111565&page=30&category=SCHOLARSHIP
297,286,서울,[교내]2018-1학기 모자이크장학 신청 안내,학생지원처 장학팀,2018-05-21,941,https://www.khu.ac.kr/kor/notice/detail.do?seq=111564&page=30&category=SCHOLARSHIP
298,285,서울,[교내]2018-2학기 교내장학금 신청 안내,학생지원처 장학팀,2018-05-21,931,https://www.khu.ac.kr/kor/notice/detail.do?seq=111560&page=30&category=SCHOLARSHIP
299,284,공통,[대외]2018학년도 강북구 장학생 선발 안내,학생지원처 장학팀,2018-05-17,531,https://www.khu.ac.kr/kor/notice/detail.do?seq=111556&page=30&category=SCHOLARSHIP
300,283,국제,[공통]2018-2학기 국가장학금 1차 신청 안내,학생지원센터 학생지원팀(국제),2018-05-16,757,https://www.khu.ac.kr/kor/notice/detail.do?seq=111544&page=31&category=SCHOLARSHIP
301,282,국제,2018-1학기 장학팀 장학사정관제장학 신청 안내,학생지원센터 학생지원팀(국제),2018-05-15,848,https://www.khu.ac.kr/kor/notice/detail.do?seq=111539&page=31&category=SCHOLARSHIP
302,281,공통,[대외]2018학년도 MG희망나눔재단 청년 주거지원 모...,학생지원처 장학팀,2018-05-14,769,https://www.khu.ac.kr/kor/notice/detail.do?seq=111515&page=31&category=SCHOLARSHIP
303,280,공통,[대외] 2018년 삼성드림클래스 여름캠프 대학생강사 ...,학생지원센터 학생지원팀(국제),2018-05-10,1043,https://www.khu.ac.kr/kor/notice/detail.do?seq=111497&page=31&category=SCHOLARSHIP
304,279,국제,[국가우수] 2018학년도 예술체육비전장학 신규장학생 ...,학생지원센터 학생지원팀(국제),2018-05-09,649,https://www.khu.ac.kr/kor/notice/detail.do?seq=111489&page=31&category=SCHOLARSHIP
305,278,공통,2018년 상반기 울산인재육성재단 희망장학생 신청 안내...,학생지원센터 학생지원팀(국제),2018-05-08,475,https://www.khu.ac.kr/kor/notice/detail.do?seq=111475&page=31&category=SCHOLARSHIP
306,277,공통,[대외]2018학년도 우리다문화장학재단 장학생 모집 안...,학생지원처 장학팀,2018-05-01,720,https://www.khu.ac.kr/kor/notice/detail.do?seq=111453&page=31&category=SCHOLARSHIP
307,276,공통,[대외]2018학년도 소나무장학회 [예비 나들]장학생 ...,학생지원처 장학팀,2018-05-01,886,https://www.khu.ac.kr/kor/notice/detail.do?seq=111452&page=31&category=SCHOLARSHIP
308,275,공통,[대외]2018학년도 현대차정몽구재단 문화예술 장학생 ...,학생지원처 장학팀,2018-05-01,666,https://www.khu.ac.kr/kor/notice/detail.do?seq=111451&page=31&category=SCHOLARSHIP
309,274,서울,[대외]2018학년도 서울장학재단 서울교환학생장학금 장...,학생지원처 장학팀,2018-05-01,786,https://www.khu.ac.kr/kor/notice/detail.do?seq=111450&page=31&category=SCHOLARSHIP
310,273,국제,[국제]2018-1학기 복학생/신입생/편입생/재입학생 ...,학생지원센터 학생지원팀(국제),2018-04-27,998,https://www.khu.ac.kr/kor/notice/detail.do?seq=111423&page=32&category=SCHOLARSHIP
311,272,국제,2018년도 1학기 푸른등대 삼성SOS 장학금 신규장학...,학생지원센터 학생지원팀(국제),2018-04-25,757,https://www.khu.ac.kr/kor/notice/detail.do?seq=111411&page=32&category=SCHOLARSHIP
312,271,국제,2018년 삼성드림클래스 주중·주말교실 대학생강사 선발...,학생지원센터 학생지원팀(국제),2018-04-24,887,https://www.khu.ac.kr/kor/notice/detail.do?seq=111400&page=32&category=SCHOLARSHIP
313,270,국제,[국제] 2018학년도 1학기 국가교육근로장학사업 대학...,학생지원센터 학생지원팀(국제),2018-04-16,873,https://www.khu.ac.kr/kor/notice/detail.do?seq=111354&page=32&category=SCHOLARSHIP
314,269,공통,[대외-학업장려금]2018학년도 NICE 신용평가 교육...,학생지원처 장학팀,2018-04-13,1032,https://www.khu.ac.kr/kor/notice/detail.do?seq=111349&page=32&category=SCHOLARSHIP
315,268,서울,[희망사다리] 2018년 중소기업 취업연계 장학금(희망...,학생지원처 장학팀,2018-04-12,398,https://www.khu.ac.kr/kor/notice/detail.do?seq=111341&page=32&category=SCHOLARSHIP
316,267,국제,[국제] [신청기간 연장] 국가우수장학(이공계) 재학중...,학생지원센터 학생지원팀(국제),2018-04-10,893,https://www.khu.ac.kr/kor/notice/detail.do?seq=111326&page=32&category=SCHOLARSHIP
317,266,서울,[국가우수] 2018학년도 국가우수장학금(이공계) 재학...,학생지원처 장학팀,2018-04-09,670,https://www.khu.ac.kr/kor/notice/detail.do?seq=111321&page=32&category=SCHOLARSHIP
318,265,공통,[대외]2018학년도 사회복지법인 우리누리 Dream ...,학생지원처 장학팀,2018-04-09,816,https://www.khu.ac.kr/kor/notice/detail.do?seq=111317&page=32&category=SCHOLARSHIP
319,264,서울,[대외-학업장려금]2018학년도 청춘 Start 6기 ...,학생지원처 장학팀,2018-04-02,1320,https://www.khu.ac.kr/kor/notice/detail.do?seq=111283&page=32&category=SCHOLARSHIP
320,263,서울,[대외]2018학년도 영천시장학회 의대편입.로스쿨 재학...,학생지원처 장학팀,2018-03-23,434,https://www.khu.ac.kr/kor/notice/detail.do?seq=111226&page=33&category=SCHOLARSHIP
321,262,공통,[대외]2018-1학기 인천인재육성재단 장학생 선발 안...,학생지원처 장학팀,2018-03-23,811,https://www.khu.ac.kr/kor/notice/detail.do?seq=111218&page=33&category=SCHOLARSHIP
322,261,국제,"2018학년도 글로벌 융합설계장학(舊,경희해외탐방) 변...",학생지원센터 학생지원팀(국제),2018-03-22,1202,https://www.khu.ac.kr/kor/notice/detail.do?seq=111211&page=33&category=SCHOLARSHIP
323,260,서울,[대외]2018-1학기 우덕재단 신규 장학생 선발 안내,학생지원처 장학팀,2018-03-22,489,https://www.khu.ac.kr/kor/notice/detail.do?seq=111207&page=33&category=SCHOLARSHIP
324,259,공통,[대외]2018학년도 현대차정몽구재단 온드림 글로벌 아...,학생지원처 장학팀,2018-03-21,1138,https://www.khu.ac.kr/kor/notice/detail.do?seq=111197&page=33&category=SCHOLARSHIP
325,258,공통,[대외] 2018년 (재)달서인재육성장학재단 진학장학생...,학생지원센터 학생지원팀(국제),2018-03-20,660,https://www.khu.ac.kr/kor/notice/detail.do?seq=111191&page=33&category=SCHOLARSHIP
326,257,공통,[대외] 2018년 상반기 은평구민 장학생 선발,학생지원센터 학생지원팀(국제),2018-03-20,515,https://www.khu.ac.kr/kor/notice/detail.do?seq=111185&page=33&category=SCHOLARSHIP
327,256,서울,[국가근로] 2018-1학기 국가교육근로장학 하이서울브...,학생지원처 장학팀,2018-03-16,782,https://www.khu.ac.kr/kor/notice/detail.do?seq=111162&page=33&category=SCHOLARSHIP
328,255,서울,[국가근로] 2018-1학기 국가교육근로장학 서울시교육...,학생지원처 장학팀,2018-03-16,527,https://www.khu.ac.kr/kor/notice/detail.do?seq=111160&page=33&category=SCHOLARSHIP
329,254,국제,[국제] 2018-1학기 교외근로 활성화(서울시본청 및...,학생지원센터 학생지원팀(국제),2018-03-16,748,https://www.khu.ac.kr/kor/notice/detail.do?seq=111154&page=33&category=SCHOLARSHIP
330,253,공통,[대외]2018학년도 제천시 인재육성재단 장학생 선발 ...,학생지원처 장학팀,2018-03-15,285,https://www.khu.ac.kr/kor/notice/detail.do?seq=111147&page=34&category=SCHOLARSHIP
331,252,국제,"2018학년도 글로벌 융합설계장학(舊,경희해외탐방) 신...",학생지원센터 학생지원팀(국제),2018-03-15,874,https://www.khu.ac.kr/kor/notice/detail.do?seq=111140&page=34&category=SCHOLARSHIP
332,251,공통,[대외]2018학년도 용인시 인재육성재단 장학생 선발 ...,학생지원처 장학팀,2018-03-14,633,https://www.khu.ac.kr/kor/notice/detail.do?seq=111131&page=34&category=SCHOLARSHIP
333,250,공통,[대외]2018학년도 동구교육발전장학회 장학생 선발 안...,학생지원처 장학팀,2018-03-14,564,https://www.khu.ac.kr/kor/notice/detail.do?seq=111130&page=34&category=SCHOLARSHIP
334,249,공통,[대외-교환]2018-2학기 제22기 미래에셋 해외 교...,학생지원처 장학팀,2018-03-14,764,https://www.khu.ac.kr/kor/notice/detail.do?seq=111126&page=34&category=SCHOLARSHIP
335,248,서울,[국가우수] 2018학년도 대통령과학장학금 신규장학생 ...,학생지원처 장학팀,2018-03-14,433,https://www.khu.ac.kr/kor/notice/detail.do?seq=111118&page=34&category=SCHOLARSHIP
336,247,공통,[국가장학] 2018-1학기 국가장학금 2차 신청 특별...,학생지원처 장학팀,2018-03-13,679,https://www.khu.ac.kr/kor/notice/detail.do?seq=111107&page=34&category=SCHOLARSHIP
337,246,국제,[국제]2018학년도 교내장학금 신청 일정 안내,학생지원센터 학생지원팀(국제),2018-03-09,1512,https://www.khu.ac.kr/kor/notice/detail.do?seq=111087&page=34&category=SCHOLARSHIP
338,245,공통,[대외-기간연장]2018-1학기 울산인재육성재단 장학생...,학생지원처 장학팀,2018-03-08,547,https://www.khu.ac.kr/kor/notice/detail.do?seq=111071&page=34&category=SCHOLARSHIP
339,244,서울,[교내]2018학년도 서울C 재학생 장학참여단 신청 및...,학생지원처 장학팀,2018-03-08,925,https://www.khu.ac.kr/kor/notice/detail.do?seq=111062&page=34&category=SCHOLARSHIP
340,243,공통,[대외]2018학년도 서울장학재단 서울희망 대학 장학금...,학생지원처 장학팀,2018-03-08,889,https://www.khu.ac.kr/kor/notice/detail.do?seq=111061&page=35&category=SCHOLARSHIP
341,242,공통,[대외]2018학년도 스타벅스 청년인재 양성 프로그램(...,학생지원처 장학팀,2018-03-07,1036,https://www.khu.ac.kr/kor/notice/detail.do?seq=111057&page=35&category=SCHOLARSHIP
342,241,공통,[국가우수]2018학년도 대통령과학장학 신규장학생 선발...,학생지원센터 학생지원팀(국제),2018-03-07,760,https://www.khu.ac.kr/kor/notice/detail.do?seq=111052&page=35&category=SCHOLARSHIP
343,240,서울,[교내]2018-1학기 경희꿈도전장학 설명회 개최 안내,학생지원처 장학팀,2018-03-06,648,https://www.khu.ac.kr/kor/notice/detail.do?seq=111038&page=35&category=SCHOLARSHIP
344,239,서울,[국가우수] 2018년 인문100년/예술체육비전 장학금...,학생지원처 장학팀,2018-03-05,613,https://www.khu.ac.kr/kor/notice/detail.do?seq=111026&page=35&category=SCHOLARSHIP
345,238,서울,[교내]2018학년도 신.편입생 경희형제자매장학 및 경...,학생지원처 장학팀,2018-03-05,704,https://www.khu.ac.kr/kor/notice/detail.do?seq=111011&page=35&category=SCHOLARSHIP
346,237,국제,2018학년도 신편입생 경희형제자매장학/ 경희동문장학 ...,학생지원센터 학생지원팀(국제),2018-03-02,1076,https://www.khu.ac.kr/kor/notice/detail.do?seq=111007&page=35&category=SCHOLARSHIP
347,236,서울,[국가근로] 2018-1학기 (사)하이서울브랜드기업협회...,학생지원처 장학팀,2018-02-28,936,https://www.khu.ac.kr/kor/notice/detail.do?seq=110982&page=35&category=SCHOLARSHIP
348,235,공통,[대외]2018학년도 삼성물산-주니어건설아카데미 대학생...,학생지원처 장학팀,2018-02-28,803,https://www.khu.ac.kr/kor/notice/detail.do?seq=110981&page=35&category=SCHOLARSHIP
349,234,공통,[대외]2018학년도 제26기 세아해암학술장학재단 장학...,학생지원처 장학팀,2018-02-28,618,https://www.khu.ac.kr/kor/notice/detail.do?seq=110976&page=35&category=SCHOLARSHIP
350,233,서울,[국가근로] 2018-1학기 국가교육근로장학사업 서울시...,학생지원처 장학팀,2018-02-27,1337,https://www.khu.ac.kr/kor/notice/detail.do?seq=110970&page=36&category=SCHOLARSHIP
351,232,국제,[국제][대외]정산장학재단 2018년도 정산장학생 선발...,학생지원센터 학생지원팀(국제),2018-02-26,989,https://www.khu.ac.kr/kor/notice/detail.do?seq=110959&page=36&category=SCHOLARSHIP
352,231,서울,[국가장학] 2018학년도 1학기 학부 신/편입생 국가...,학생지원처 장학팀,2018-02-23,2083,https://www.khu.ac.kr/kor/notice/detail.do?seq=110940&page=36&category=SCHOLARSHIP
353,230,서울,[국가근로] 2018-1학기 학기중 국가교육근로장학 최...,학생지원처 장학팀,2018-02-23,918,https://www.khu.ac.kr/kor/notice/detail.do?seq=110939&page=36&category=SCHOLARSHIP
354,229,서울,[국가근로] 2018-1학기 학기중 국가교육근로장학 소...,학생지원처 장학팀,2018-02-21,889,https://www.khu.ac.kr/kor/notice/detail.do?seq=110910&page=36&category=SCHOLARSHIP
355,228,공통,[대외]2018학년도 수림재단 신규 장학생 선발 안내,학생지원처 장학팀,2018-02-21,1051,https://www.khu.ac.kr/kor/notice/detail.do?seq=110891&page=36&category=SCHOLARSHIP
356,227,서울,[학자금대출] 2018-1학기 졸업유예생 학자금대출 (...,학생지원처 장학팀,2018-02-20,466,https://www.khu.ac.kr/kor/notice/detail.do?seq=110889&page=36&category=SCHOLARSHIP
357,226,서울,2018학년도 대한예수교 장로회 휘경교회 장학금 신청 ...,학생지원처 장학팀,2018-02-14,650,https://www.khu.ac.kr/kor/notice/detail.do?seq=110842&page=36&category=SCHOLARSHIP
358,225,서울,[교내]2017-1학기 경희꿈도전장학 결과 발표회 안내,학생지원처 장학팀,2018-02-12,989,https://www.khu.ac.kr/kor/notice/detail.do?seq=110833&page=36&category=SCHOLARSHIP
359,224,서울,2017-1학기 경희꿈도전장학 결과 발표회 안내(2.2...,학생지원처 장학팀,2018-02-12,516,https://www.khu.ac.kr/kor/notice/detail.do?seq=110822&page=36&category=SCHOLARSHIP
360,223,서울,[학자금대출] 한국장학재단 학자금대출 특별추천안내,학생지원처 장학팀,2018-02-12,633,https://www.khu.ac.kr/kor/notice/detail.do?seq=110820&page=37&category=SCHOLARSHIP
361,222,국제,2018-1학기 국가 교육근로장학 2차 신청기간 안내,학생지원센터 학생지원팀(국제),2018-02-12,1092,https://www.khu.ac.kr/kor/notice/detail.do?seq=110819&page=37&category=SCHOLARSHIP
362,221,공통,[국가장학] 2018-1학기 국가장학금 2차 신청기간 ...,학생지원처 장학팀,2018-02-09,930,https://www.khu.ac.kr/kor/notice/detail.do?seq=110810&page=37&category=SCHOLARSHIP
363,220,공통,[대외]2018학년도 신한카드 대학생 봉사단 '아름인 ...,학생지원처 장학팀,2018-02-02,1704,https://www.khu.ac.kr/kor/notice/detail.do?seq=110744&page=37&category=SCHOLARSHIP
364,219,공통,[공통][대외] 2018년 상반기 울산인재육성 장학생 ...,학생지원센터 학생지원팀(국제),2018-01-30,820,https://www.khu.ac.kr/kor/notice/detail.do?seq=110719&page=37&category=SCHOLARSHIP
365,218,서울,[푸른등대] 2018년 1학기 푸른등대 기부장학사업 신...,학생지원처 장학팀,2018-01-29,696,https://www.khu.ac.kr/kor/notice/detail.do?seq=110708&page=37&category=SCHOLARSHIP
366,217,공통,[대외-전남출신]2018-1학기 성옥문화재단 장학생 선...,학생지원처 장학팀,2018-01-29,529,https://www.khu.ac.kr/kor/notice/detail.do?seq=110707&page=37&category=SCHOLARSHIP
367,216,공통,[대외]2018학년도 한국장애인재활협회 SK와 함께하는...,학생지원처 장학팀,2018-01-29,582,https://www.khu.ac.kr/kor/notice/detail.do?seq=110702&page=37&category=SCHOLARSHIP
368,215,서울,[대외]2018학년도 삼성화재 꿈터공부방 11기 대학생...,학생지원처 장학팀,2018-01-25,1067,https://www.khu.ac.kr/kor/notice/detail.do?seq=110690&page=37&category=SCHOLARSHIP
369,214,국제,[대외][국제] 2018년 흥한재단 장학생 신규선발 안...,학생지원센터 학생지원팀(국제),2018-01-24,1226,https://www.khu.ac.kr/kor/notice/detail.do?seq=110676&page=37&category=SCHOLARSHIP
370,213,서울,[교내]2018-1학기 경희가족장학 신규 신청 안내,학생지원처 장학팀,2018-01-22,875,https://www.khu.ac.kr/kor/notice/detail.do?seq=110654&page=38&category=SCHOLARSHIP
371,212,서울,[교내]2018-1학기 고시장학A 신규 신청 안내,학생지원처 장학팀,2018-01-22,797,https://www.khu.ac.kr/kor/notice/detail.do?seq=110653&page=38&category=SCHOLARSHIP
372,211,서울,[대외]2018-1학기 숭덕육영회 숭덕학사 사생 선발 ...,학생지원처 장학팀,2018-01-19,587,https://www.khu.ac.kr/kor/notice/detail.do?seq=110647&page=38&category=SCHOLARSHIP
373,210,공통,[대외]2018학년도 OK배·정장학재단 장학생 모집 안...,학생지원처 장학팀,2018-01-19,1235,https://www.khu.ac.kr/kor/notice/detail.do?seq=110645&page=38&category=SCHOLARSHIP
374,209,서울,[국가장학] 2017-2학기 국가장학금 2유형 대상자 ...,학생지원처 장학팀,2018-01-19,1344,https://www.khu.ac.kr/kor/notice/detail.do?seq=110643&page=38&category=SCHOLARSHIP
375,208,공통,[대외]2018년 통영시 대학생 장학금 지원선발 안내(...,학생지원처 장학팀,2018-01-18,367,https://www.khu.ac.kr/kor/notice/detail.do?seq=110632&page=38&category=SCHOLARSHIP
376,207,공통,[대외]2018학년도 동암장학회 장학생 선발 안내,학생지원처 장학팀,2018-01-17,803,https://www.khu.ac.kr/kor/notice/detail.do?seq=110623&page=38&category=SCHOLARSHIP
377,206,공통,2018학년도 1학기 한국장학재단-은행권 대학생 연합생...,학생지원처 장학팀,2018-01-12,1331,https://www.khu.ac.kr/kor/notice/detail.do?seq=110591&page=38&category=SCHOLARSHIP
378,205,서울,[대외]2018학년도 삼성카드 골든벨 스터디그룹 대학생...,학생지원처 장학팀,2018-01-11,1172,https://www.khu.ac.kr/kor/notice/detail.do?seq=110587&page=38&category=SCHOLARSHIP
379,204,공통,[대외]2018학년도 신라문화장학재단 장학생 선발 안내,학생지원처 장학팀,2018-01-10,1022,https://www.khu.ac.kr/kor/notice/detail.do?seq=110573&page=38&category=SCHOLARSHIP
380,203,공통,[대외]2018학년도 푸드스마일즈 우양재단 장학생 선발...,학생지원처 장학팀,2018-01-10,865,https://www.khu.ac.kr/kor/notice/detail.do?seq=110571&page=39&category=SCHOLARSHIP
381,202,공통,[이자지원] 2018년 상반기 제주특별자치도 학자금 대...,학생지원처 장학팀,2018-01-09,386,https://www.khu.ac.kr/kor/notice/detail.do?seq=110562&page=39&category=SCHOLARSHIP
382,201,공통,[학자금대출] 2018년 1학기 정부 학자금대출 신청 ...,학생지원처 장학팀,2018-01-09,658,https://www.khu.ac.kr/kor/notice/detail.do?seq=110553&page=39&category=SCHOLARSHIP
383,200,서울,[대외]2018학년도 종근당고촌재단 종근당고촌학사 신규...,학생지원처 장학팀,2018-01-08,597,https://www.khu.ac.kr/kor/notice/detail.do?seq=110550&page=39&category=SCHOLARSHIP
384,199,공통,[대외]2018학년도 1학기 삼성드림클래스 대학생강사 ...,학생지원처 장학팀,2018-01-08,982,https://www.khu.ac.kr/kor/notice/detail.do?seq=110549&page=39&category=SCHOLARSHIP
385,198,공통,[국가장학] 2017-2학기 국가장학금 포항재난 피해 ...,학생지원처 장학팀,2018-01-03,638,https://www.khu.ac.kr/kor/notice/detail.do?seq=110515&page=39&category=SCHOLARSHIP
386,197,서울,[국가장학] 2017-2학기 국가장학금 2유형 성적기준...,학생지원처 장학팀,2018-01-03,1183,https://www.khu.ac.kr/kor/notice/detail.do?seq=110514&page=39&category=SCHOLARSHIP
387,196,공통,[대외]2018학년도 1학기 농어촌희망재단 농업인자녀 ...,학생지원처 장학팀,2017-12-29,567,https://www.khu.ac.kr/kor/notice/detail.do?seq=110493&page=39&category=SCHOLARSHIP
388,195,공통,[대외]2018학년도 1학기 농어촌희망재단 농림축산식품...,학생지원처 장학팀,2017-12-29,396,https://www.khu.ac.kr/kor/notice/detail.do?seq=110492&page=39&category=SCHOLARSHIP
389,194,공통,[공통][대외]2018학년도 한국고등교육재단 장학생 선...,학생지원처 장학팀,2017-12-27,1149,https://www.khu.ac.kr/kor/notice/detail.do?seq=110477&page=39&category=SCHOLARSHIP
390,193,공통,[공통][대외]2018학년도 동아시아연구원(EAI) 신...,학생지원처 장학팀,2017-12-27,769,https://www.khu.ac.kr/kor/notice/detail.do?seq=110476&page=40&category=SCHOLARSHIP
391,192,서울,[국가근로] 2017-2학기 동계방학 국가교육근로장학 ...,학생지원처 장학팀,2017-12-22,901,https://www.khu.ac.kr/kor/notice/detail.do?seq=110448&page=40&category=SCHOLARSHIP
392,191,공통,[대외]2018학년도 포항시장학회 서울 포항학사 입사생...,학생지원처 장학팀,2017-12-22,442,https://www.khu.ac.kr/kor/notice/detail.do?seq=110444&page=40&category=SCHOLARSHIP
393,190,공통,[공통][대외]2018학년도 하이트진로홀딩스 장학생 선...,학생지원처 장학팀,2017-12-22,726,https://www.khu.ac.kr/kor/notice/detail.do?seq=110437&page=40&category=SCHOLARSHIP
394,189,공통,[이자지원] 2017년 하반기 서울시 대학생 학자금대출...,학생지원처 장학팀,2017-12-22,713,https://www.khu.ac.kr/kor/notice/detail.do?seq=110436&page=40&category=SCHOLARSHIP
395,188,공통,[대외]2018학년도 1학기 삼성드림클래스 대학생강사 ...,학생지원처 장학팀,2017-12-21,821,https://www.khu.ac.kr/kor/notice/detail.do?seq=110425&page=40&category=SCHOLARSHIP
396,187,공통,[대외-생활비]2018학년도 10회 이수병장학생 선발 ...,학생지원처 장학팀,2017-12-19,995,https://www.khu.ac.kr/kor/notice/detail.do?seq=110413&page=40&category=SCHOLARSHIP
397,186,공통,[대외]2018학년도 지멘스그린스쿨 대학생 서포터즈 모...,학생지원처 장학팀,2017-12-15,909,https://www.khu.ac.kr/kor/notice/detail.do?seq=110389&page=40&category=SCHOLARSHIP
398,185,공통,[대외]2018학년도 광주시민장학회 장학생 선발 안내,학생지원처 장학팀,2017-12-15,405,https://www.khu.ac.kr/kor/notice/detail.do?seq=110386&page=40&category=SCHOLARSHIP
399,184,공통,[교내]2017 경희목련장학(포항지진 피해학생 지원) ...,학생지원처 장학팀,2017-12-14,556,https://www.khu.ac.kr/kor/notice/detail.do?seq=110378&page=40&category=SCHOLARSHIP
400,183,공통,★[공통]대학교육비 세액공제 관련 변경사항 안내,학생지원처 장학팀,2017-12-14,696,https://www.khu.ac.kr/kor/notice/detail.do?seq=110372&page=41&category=SCHOLARSHIP
401,182,공통,[대외]2018학년도 두산연강재단 장학생 선발 안내,학생지원처 장학팀,2017-12-14,709,https://www.khu.ac.kr/kor/notice/detail.do?seq=110371&page=41&category=SCHOLARSHIP
402,181,공통,[대외]2018학년도 함경북도장학회 제51차 장학생 선...,학생지원처 장학팀,2017-12-13,360,https://www.khu.ac.kr/kor/notice/detail.do?seq=110366&page=41&category=SCHOLARSHIP
403,180,공통,[대외-2018 대학 입학예정자]2018학년도 용운장학...,학생지원처 장학팀,2017-12-13,653,https://www.khu.ac.kr/kor/notice/detail.do?seq=110360&page=41&category=SCHOLARSHIP
404,179,서울,[대외]2018학년도 백암재단 주거지원 장학생 선발 안...,학생지원처 장학팀,2017-12-12,570,https://www.khu.ac.kr/kor/notice/detail.do?seq=110351&page=41&category=SCHOLARSHIP
405,178,공통,[대외]2018학년도 롯데장학재단 멘토링 장학생 신규 ...,학생지원처 장학팀,2017-12-12,930,https://www.khu.ac.kr/kor/notice/detail.do?seq=110342&page=41&category=SCHOLARSHIP
406,177,공통,[국가장학] 2018-1학기 국가장학금 신청자 가구원 ...,학생지원처 장학팀,2017-12-11,777,https://www.khu.ac.kr/kor/notice/detail.do?seq=110335&page=41&category=SCHOLARSHIP
407,176,국제,[국제]2018-1학기 교내장학금 신청 안내,학생지원센터 학생지원팀(국제),2017-12-11,1968,https://www.khu.ac.kr/kor/notice/detail.do?seq=110329&page=41&category=SCHOLARSHIP
408,175,공통,[대외-2018 대학 입학예정자]2018학년도 MBK장...,학생지원처 장학팀,2017-12-08,808,https://www.khu.ac.kr/kor/notice/detail.do?seq=110323&page=41&category=SCHOLARSHIP
409,174,서울,[국가근로] 2017-2학기 동계방학중 국가교육근로장학...,학생지원처 장학팀,2017-12-08,785,https://www.khu.ac.kr/kor/notice/detail.do?seq=110319&page=41&category=SCHOLARSHIP
410,173,서울,"[국가우수] 인문100년, 예술체육비전장학금 대체유형/...",학생지원처 장학팀,2017-12-07,501,https://www.khu.ac.kr/kor/notice/detail.do?seq=110303&page=42&category=SCHOLARSHIP
411,172,공통,[대외]2018학년도 협성문화재단 건설근로자 자녀 대학...,학생지원처 장학팀,2017-12-06,494,https://www.khu.ac.kr/kor/notice/detail.do?seq=110296&page=42&category=SCHOLARSHIP
412,171,공통,[대외]2018학년도 DB김준기문화재단 장학생 봉사단 ...,학생지원처 장학팀,2017-12-06,609,https://www.khu.ac.kr/kor/notice/detail.do?seq=110295&page=42&category=SCHOLARSHIP
413,170,서울,[교내]2018-1학기 교내장학금 신청 안내,학생지원처 장학팀,2017-12-05,1565,https://www.khu.ac.kr/kor/notice/detail.do?seq=110286&page=42&category=SCHOLARSHIP
414,169,공통,[대외]2018학년도 아산사회복지재단 나래장학생(SOS...,학생지원처 장학팀,2017-12-05,592,https://www.khu.ac.kr/kor/notice/detail.do?seq=110285&page=42&category=SCHOLARSHIP
415,168,공통,[대외]2018학년도 1학기 삼성드림클래스 대학생강사 ...,학생지원처 장학팀,2017-12-04,998,https://www.khu.ac.kr/kor/notice/detail.do?seq=110264&page=42&category=SCHOLARSHIP
416,167,공통,[대외]2018학년도 삼성증권 대학생 봉사단 YAHO ...,학생지원처 장학팀,2017-12-04,744,https://www.khu.ac.kr/kor/notice/detail.do?seq=110263&page=42&category=SCHOLARSHIP
417,166,공통,[대외]2018학년도 재일한국인본국투자협회 장학생 모집...,학생지원처 장학팀,2017-12-01,864,https://www.khu.ac.kr/kor/notice/detail.do?seq=110255&page=42&category=SCHOLARSHIP
418,165,국제,[국제] 2017학년도 2학기 장학팀 장학사정관제장학 ...,학생지원센터 학생지원팀(국제),2017-12-01,945,https://www.khu.ac.kr/kor/notice/detail.do?seq=110253&page=42&category=SCHOLARSHIP
419,164,공통,[대외]2018학년도 아이들과미래재단 KB학습멘토링 대...,학생지원처 장학팀,2017-12-01,805,https://www.khu.ac.kr/kor/notice/detail.do?seq=110251&page=42&category=SCHOLARSHIP
420,163,서울,[희망사다리] 2017년 중소기업 취업연계 장학금(희망...,학생지원처 장학팀,2017-11-29,432,https://www.khu.ac.kr/kor/notice/detail.do?seq=110238&page=43&category=SCHOLARSHIP
421,162,국제,"2017-2학기 학생지원팀(舊,장학팀) 장학사정관제 장...",학생지원센터 학생지원팀(국제),2017-11-22,1357,https://www.khu.ac.kr/kor/notice/detail.do?seq=110208&page=43&category=SCHOLARSHIP
422,161,공통,[대외]2018학년도 아이들과미래재단 한마음수학멘토스쿨...,학생지원처 장학팀,2017-11-21,1101,https://www.khu.ac.kr/kor/notice/detail.do?seq=110194&page=43&category=SCHOLARSHIP
423,160,서울,[교내]2017학년도 2학기 모자이크장학 신청 안내,학생지원처 장학팀,2017-11-21,1395,https://www.khu.ac.kr/kor/notice/detail.do?seq=110192&page=43&category=SCHOLARSHIP
424,159,공통,[국가근로] 2018학년도 1학기 국가 교육근로장학금 ...,학생지원처 장학팀,2017-11-20,1238,https://www.khu.ac.kr/kor/notice/detail.do?seq=110181&page=43&category=SCHOLARSHIP
425,158,공통,[국가장학] 2018-1학기 국가장학금 1차 신청 안내,학생지원처 장학팀,2017-11-20,752,https://www.khu.ac.kr/kor/notice/detail.do?seq=110180&page=43&category=SCHOLARSHIP
426,157,공통,[대외]2018학년도 롯데장학재단 희망장학생 35기 신...,학생지원처 장학팀,2017-11-15,1407,https://www.khu.ac.kr/kor/notice/detail.do?seq=110166&page=43&category=SCHOLARSHIP
427,156,공통,[대외]2018학년도 하이트진로홀딩스 장학생 선발 안내,학생지원처 장학팀,2017-11-15,985,https://www.khu.ac.kr/kor/notice/detail.do?seq=110165&page=43&category=SCHOLARSHIP
428,155,서울,[대외]2018학년도 종근당고촌재단 생활비 장학생 선발...,학생지원처 장학팀,2017-11-09,1144,https://www.khu.ac.kr/kor/notice/detail.do?seq=110137&page=43&category=SCHOLARSHIP
429,154,공통,[대외]2018학년도 아산사회복지재단 재능나눔장학생 선...,학생지원처 장학팀,2017-11-07,798,https://www.khu.ac.kr/kor/notice/detail.do?seq=110125&page=43&category=SCHOLARSHIP
430,153,공통,[대외]2017학년도 2학기 상주시장학회 장학생 선발 ...,학생지원처 장학팀,2017-11-06,579,https://www.khu.ac.kr/kor/notice/detail.do?seq=110106&page=44&category=SCHOLARSHIP
431,152,공통,[대외]2017학년도 2학기 유영아 학업장학금 5기 장...,학생지원처 장학팀,2017-11-06,758,https://www.khu.ac.kr/kor/notice/detail.do?seq=110105&page=44&category=SCHOLARSHIP
432,151,서울,[국가근로] 2017학년도 국가 교육근로장학사업 동계방...,학생지원처 장학팀,2017-11-02,1202,https://www.khu.ac.kr/kor/notice/detail.do?seq=110083&page=44&category=SCHOLARSHIP
433,150,공통,[대외]2018학년도 관정이종환교육재단 장학생 선발 안...,학생지원처 장학팀,2017-11-01,715,https://www.khu.ac.kr/kor/notice/detail.do?seq=110071&page=44&category=SCHOLARSHIP
434,149,공통,[대외]2017학년도 2학기 삼성드림클래스 대학생강사 ...,학생지원처 장학팀,2017-10-31,963,https://www.khu.ac.kr/kor/notice/detail.do?seq=110060&page=44&category=SCHOLARSHIP
435,148,공통,[대외]2018학년도 아름다운재단 대학생 장학생 선발 ...,학생지원처 장학팀,2017-10-26,910,https://www.khu.ac.kr/kor/notice/detail.do?seq=110046&page=44&category=SCHOLARSHIP
436,147,공통,[대외]2017학년도 영천시장학회 장학생 선발 안내,학생지원처 장학팀,2017-10-26,441,https://www.khu.ac.kr/kor/notice/detail.do?seq=110045&page=44&category=SCHOLARSHIP
437,146,공통,[대외]2017학년도 서울평화희망장학금 선발 안내,학생지원처 장학팀,2017-10-26,688,https://www.khu.ac.kr/kor/notice/detail.do?seq=110044&page=44&category=SCHOLARSHIP
438,145,국제,2017-2학기 장학팀 우정(가계곤란)장학 신청 안내,학생지원센터 학생지원팀(국제),2017-10-25,3731,https://www.khu.ac.kr/kor/notice/detail.do?seq=110027&page=44&category=SCHOLARSHIP
439,144,공통,[대외]2018학년도 삼성드림클래스 겨울캠프 대학생 강...,학생지원처 장학팀,2017-10-24,814,https://www.khu.ac.kr/kor/notice/detail.do?seq=110023&page=44&category=SCHOLARSHIP
440,143,공통,[대외]제3회 현대차정몽구재단 대학(원)생 학술세미나 ...,학생지원처 장학팀,2017-10-24,508,https://www.khu.ac.kr/kor/notice/detail.do?seq=110020&page=45&category=SCHOLARSHIP
441,142,공통,[대외]2018학년도 STX장학재단 장학생 선발 안내,학생지원처 장학팀,2017-10-13,992,https://www.khu.ac.kr/kor/notice/detail.do?seq=109975&page=45&category=SCHOLARSHIP
442,141,공통,[대외]2018학년도 대산농촌재단 장학생 선발 안내,학생지원처 장학팀,2017-10-11,414,https://www.khu.ac.kr/kor/notice/detail.do?seq=109959&page=45&category=SCHOLARSHIP
443,140,공통,[대외-가계곤란]2017-2학기 서울장학재단 서울희망장...,학생지원처 장학팀,2017-10-11,757,https://www.khu.ac.kr/kor/notice/detail.do?seq=109954&page=45&category=SCHOLARSHIP
444,139,서울,[대외-가계곤란]2017학년도 2학기 김복순 장학금 신...,학생지원처 장학팀,2017-10-11,457,https://www.khu.ac.kr/kor/notice/detail.do?seq=109953&page=45&category=SCHOLARSHIP
445,138,공통,[이자지원] 2017년 하반기 군산시 대학생 학자금이자...,학생지원처 장학팀,2017-09-28,274,https://www.khu.ac.kr/kor/notice/detail.do?seq=109928&page=45&category=SCHOLARSHIP
446,137,공통,[이자지원] 2017년 하반기 전주시 대학생 학자금대출...,학생지원처 장학팀,2017-09-28,201,https://www.khu.ac.kr/kor/notice/detail.do?seq=109927&page=45&category=SCHOLARSHIP
447,136,공통,[이자지원] 2017-2학기 수원시 대학생 학자금 대출...,학생지원처 장학팀,2017-09-28,410,https://www.khu.ac.kr/kor/notice/detail.do?seq=109925&page=45&category=SCHOLARSHIP
448,135,공통,[이자지원] 2017년 하반기 김제시 대학생 학자금대출...,학생지원처 장학팀,2017-09-28,180,https://www.khu.ac.kr/kor/notice/detail.do?seq=109923&page=45&category=SCHOLARSHIP
449,134,서울,[국가장학] 2017-2학기 국가장학금 신청자 가구원동...,학생지원처 장학팀,2017-09-27,557,https://www.khu.ac.kr/kor/notice/detail.do?seq=109917&page=45&category=SCHOLARSHIP
450,133,서울,[교내]2017학년도 2학기 경희꿈도전장학 신청 재안내...,학생지원처 장학팀,2017-09-26,1006,https://www.khu.ac.kr/kor/notice/detail.do?seq=109912&page=46&category=SCHOLARSHIP
451,132,공통,[대외]2018학년도 일주학술문화재단 장학생 선발 안내,학생지원처 장학팀,2017-09-26,463,https://www.khu.ac.kr/kor/notice/detail.do?seq=109910&page=46&category=SCHOLARSHIP
452,131,서울,[대외-가계곤란]2017학년도 2학기 총학생회&생활협동...,학생지원처 장학팀,2017-09-22,755,https://www.khu.ac.kr/kor/notice/detail.do?seq=109897&page=46&category=SCHOLARSHIP
453,130,공통,[대외]2017학년도 2학기 은평구청 은평구민 장학생 ...,학생지원처 장학팀,2017-09-21,338,https://www.khu.ac.kr/kor/notice/detail.do?seq=109891&page=46&category=SCHOLARSHIP
454,129,서울,[국가근로] 2017-2학기 서울시교육(지원)청 최종선...,학생지원처 장학팀,2017-09-20,507,https://www.khu.ac.kr/kor/notice/detail.do?seq=109887&page=46&category=SCHOLARSHIP
455,128,공통,[대외]2018학년도 아산사회복지재단 장학생 선발안내,학생지원처 장학팀,2017-09-20,540,https://www.khu.ac.kr/kor/notice/detail.do?seq=109886&page=46&category=SCHOLARSHIP
456,127,서울,[국가장학] 2017년 2학기 국가장학금 2차 신청 재...,학생지원처 장학팀,2017-09-20,454,https://www.khu.ac.kr/kor/notice/detail.do?seq=109883&page=46&category=SCHOLARSHIP
457,126,서울,[국가장학] 2017-2학기 희망사다리(중소기업 취업연...,학생지원처 장학팀,2017-09-20,326,https://www.khu.ac.kr/kor/notice/detail.do?seq=109882&page=46&category=SCHOLARSHIP
458,125,공통,[이자지원] 건설근로자 대학생 자녀 학자금 대출이자 지...,학생지원처 장학팀,2017-09-20,246,https://www.khu.ac.kr/kor/notice/detail.do?seq=109881&page=46&category=SCHOLARSHIP
459,124,공통,[이자지원] 2017-2학기 성남시 대학생 학자금 대출...,학생지원처 장학팀,2017-09-20,241,https://www.khu.ac.kr/kor/notice/detail.do?seq=109879&page=46&category=SCHOLARSHIP
460,123,공통,[이자지원] 2017년 하반기 익산시 대학생 학자금 대...,학생지원처 장학팀,2017-09-20,181,https://www.khu.ac.kr/kor/notice/detail.do?seq=109878&page=47&category=SCHOLARSHIP
461,122,공통,[대외]2017학년도 2학기 경주시장학회 장학생 선발안...,학생지원처 장학팀,2017-09-20,246,https://www.khu.ac.kr/kor/notice/detail.do?seq=109877&page=47&category=SCHOLARSHIP
462,121,서울,[국가장학] 2017-2학기 푸른등대 기부장학금(블리자...,학생지원처 장학팀,2017-09-20,274,https://www.khu.ac.kr/kor/notice/detail.do?seq=109876&page=47&category=SCHOLARSHIP
463,120,공통,[대외]2017학년도 2학기 행복의길장학재단 고속도로 ...,학생지원처 장학팀,2017-09-15,718,https://www.khu.ac.kr/kor/notice/detail.do?seq=109853&page=47&category=SCHOLARSHIP
464,119,공통,[대외-교환학생]2018학년도 1학기 제21기 매래에셋...,학생지원처 장학팀,2017-09-13,1015,https://www.khu.ac.kr/kor/notice/detail.do?seq=109840&page=47&category=SCHOLARSHIP
465,118,서울,2017-2학기 취업연계지원프로그램(하이서울기업) 국가...,학생지원처 장학팀,2017-09-05,675,https://www.khu.ac.kr/kor/notice/detail.do?seq=109767&page=47&category=SCHOLARSHIP
466,117,공통,2017학년도 덕영재단 제19회 점자악보 출판 후원음악...,학생지원처 장학팀,2017-08-29,724,https://www.khu.ac.kr/kor/notice/detail.do?seq=109696&page=47&category=SCHOLARSHIP
467,116,서울,2017-2학기 우정장학(학업장려금) 신청 재안내,학생지원처 장학팀,2017-08-29,1601,https://www.khu.ac.kr/kor/notice/detail.do?seq=109693&page=47&category=SCHOLARSHIP
468,115,공통,2017학년도 2학기 국가장학금 2차 신청안내,학생지원처 장학팀,2017-08-29,582,https://www.khu.ac.kr/kor/notice/detail.do?seq=109692&page=47&category=SCHOLARSHIP
469,114,서울,2017-2학기 국가교육근로장학사업 서울시교육청(지원청...,학생지원처 장학팀,2017-08-29,717,https://www.khu.ac.kr/kor/notice/detail.do?seq=109689&page=47&category=SCHOLARSHIP
470,113,서울,2017-2학기 복학생 우정장학 신청안내,학생지원처 장학팀,2017-08-29,579,https://www.khu.ac.kr/kor/notice/detail.do?seq=109683&page=48&category=SCHOLARSHIP
471,112,서울,2017-2학기 학기중 교내외 국가교육근로장학 최종선발...,학생지원처 장학팀,2017-08-25,827,https://www.khu.ac.kr/kor/notice/detail.do?seq=109667&page=48&category=SCHOLARSHIP
472,111,국제,2017-2학기 서울시교육청 및 서울시교육지원청 국가교...,학생지원센터 학생지원팀(국제),2017-08-24,996,https://www.khu.ac.kr/kor/notice/detail.do?seq=109644&page=48&category=SCHOLARSHIP
473,110,공통,2017학년도 포항시장학회 대학교 장학생 선발안내,학생지원처 장학팀,2017-08-23,433,https://www.khu.ac.kr/kor/notice/detail.do?seq=109634&page=48&category=SCHOLARSHIP
474,109,공통,2017학년도 앨트웰민초장학재단 제18기 장학생 선발안...,학생지원처 장학팀,2017-08-22,686,https://www.khu.ac.kr/kor/notice/detail.do?seq=109628&page=48&category=SCHOLARSHIP
475,108,공통,2017학년도 2학기 용인시인재육성재단 장학금 신청안내,학생지원처 장학팀,2017-08-22,521,https://www.khu.ac.kr/kor/notice/detail.do?seq=109627&page=48&category=SCHOLARSHIP
476,107,공통,2017학년도 2학기 동산장학회 장학생 신청 안내,학생지원처 장학팀,2017-08-17,919,https://www.khu.ac.kr/kor/notice/detail.do?seq=109574&page=48&category=SCHOLARSHIP
477,106,서울,2017학년도 2학기 국가교육근로장학사업 운영 일정,학생지원처 장학팀,2017-08-11,1313,https://www.khu.ac.kr/kor/notice/detail.do?seq=109547&page=48&category=SCHOLARSHIP
478,105,공통,2017학년도 2학기 2차 국가 교육근로장학사업 학생신...,학생지원처 장학팀,2017-08-11,1117,https://www.khu.ac.kr/kor/notice/detail.do?seq=109542&page=48&category=SCHOLARSHIP
479,104,서울,2017학년도 경희목련장학 운영안내,학생지원처 장학팀,2017-08-10,1365,https://www.khu.ac.kr/kor/notice/detail.do?seq=109533&page=48&category=SCHOLARSHIP
480,103,서울,국가교육근로장학사업 대학자체선발기준 안내,학생지원처 장학팀,2017-08-04,1198,https://www.khu.ac.kr/kor/notice/detail.do?seq=109493&page=49&category=SCHOLARSHIP
481,102,공통,2017학년도 2학기 서울장학재단 청춘 Dream 장학...,학생지원처 장학팀,2017-08-03,1328,https://www.khu.ac.kr/kor/notice/detail.do?seq=109485&page=49&category=SCHOLARSHIP
482,101,공통,[공통]2017-2학기 장학금 수혜내역(고지서감면분) ...,학생지원처 장학팀,2017-08-03,1824,https://www.khu.ac.kr/kor/notice/detail.do?seq=109482&page=49&category=SCHOLARSHIP
483,100,공통,2017학년도 2학기 아이들과미래재단 SGI서울보증 '...,학생지원처 장학팀,2017-08-01,864,https://www.khu.ac.kr/kor/notice/detail.do?seq=109467&page=49&category=SCHOLARSHIP
484,99,공통,2017학년도 2학기 한국장학재단-은행권 대학생 연합생...,학생지원처 장학팀,2017-07-27,1239,https://www.khu.ac.kr/kor/notice/detail.do?seq=109409&page=49&category=SCHOLARSHIP
485,98,공통,2017학년도 아이들과미래재단 현대건설 꿈키움 멘토링 ...,학생지원처 장학팀,2017-07-21,1145,https://www.khu.ac.kr/kor/notice/detail.do?seq=109357&page=49&category=SCHOLARSHIP
486,97,공통,2017학년도 2학기 영등포50플러스센터 50플러스세대...,학생지원처 장학팀,2017-07-21,897,https://www.khu.ac.kr/kor/notice/detail.do?seq=109356&page=49&category=SCHOLARSHIP
487,96,공통,2017학년도 강원랜드 장학생(대학 일반/우수부문) 선...,학생지원처 장학팀,2017-07-21,921,https://www.khu.ac.kr/kor/notice/detail.do?seq=109349&page=49&category=SCHOLARSHIP
488,95,서울,2017학년도 2학기 한국장학재단 학자금대출 신청안내,학생지원처 장학팀,2017-07-20,672,https://www.khu.ac.kr/kor/notice/detail.do?seq=109343&page=49&category=SCHOLARSHIP
489,94,공통,2017-2학기 소득구간(분위) 산정 결과 열람 서비스,학생지원처 장학팀,2017-07-20,933,https://www.khu.ac.kr/kor/notice/detail.do?seq=109340&page=49&category=SCHOLARSHIP
490,93,공통,[공통] 2017-2학기 한국장학재단 푸른등대 기부장학...,학생지원센터 학생지원팀(국제),2017-07-19,770,https://www.khu.ac.kr/kor/notice/detail.do?seq=109328&page=50&category=SCHOLARSHIP
491,92,공통,2017년 5·18 희망장학생 선발 안내,학생지원처 장학팀,2017-07-14,787,https://www.khu.ac.kr/kor/notice/detail.do?seq=109280&page=50&category=SCHOLARSHIP
492,91,공통,2017년 하반기 종근당고촌재단 종근당고촌학사 신규 입...,학생지원처 장학팀,2017-07-14,588,https://www.khu.ac.kr/kor/notice/detail.do?seq=109279&page=50&category=SCHOLARSHIP
493,90,서울,2017학년도 고시장학A 신청안내,학생지원처 장학팀,2017-07-11,805,https://www.khu.ac.kr/kor/notice/detail.do?seq=109237&page=50&category=SCHOLARSHIP
494,89,공통,2017학년도 덕영재단 덕영여름캠프 자원봉사자 모집,학생지원처 장학팀,2017-07-05,885,https://www.khu.ac.kr/kor/notice/detail.do?seq=109197&page=50&category=SCHOLARSHIP
495,88,공통,제주특별자치도 대학생 · 대학원생 학자금 대출이자 지원...,학생지원처 장학팀,2017-07-04,295,https://www.khu.ac.kr/kor/notice/detail.do?seq=109182&page=50&category=SCHOLARSHIP
496,87,서울,2017년도 2학기 교내장학금 추가 신청 안내(~7.9...,학생지원처 장학팀,2017-07-03,1417,https://www.khu.ac.kr/kor/notice/detail.do?seq=109179&page=50&category=SCHOLARSHIP
497,86,서울,2017-1학기 우정장학(학업장려금) 수혜자 학업결과보...,학생지원처 장학팀,2017-06-23,2226,https://www.khu.ac.kr/kor/notice/detail.do?seq=109110&page=50&category=SCHOLARSHIP
498,85,공통,[기간연장] 2017년 2학기 농촌출신대학생 학자금융자...,학생지원처 장학팀,2017-06-22,477,https://www.khu.ac.kr/kor/notice/detail.do?seq=109103&page=50&category=SCHOLARSHIP
499,84,공통,2017학년도 아이들과 미래재단 광고아카데미 길동무 대...,학생지원처 장학팀,2017-06-22,825,https://www.khu.ac.kr/kor/notice/detail.do?seq=109100&page=50&category=SCHOLARSHIP
500,83,서울,2017-1학기 하계방학 교내외 국가교육근로장학 최종 ...,학생지원처 장학팀,2017-06-20,871,https://www.khu.ac.kr/kor/notice/detail.do?seq=109079&page=51&category=SCHOLARSHIP
501,82,서울,한국장학재단 찾아가는 맞춤형 상담데스크 운영 안내,학생지원처 장학팀,2017-06-19,388,https://www.khu.ac.kr/kor/notice/detail.do?seq=109067&page=51&category=SCHOLARSHIP
502,81,서울,2017-1학기 국가장학금 2유형 성적기준 공지,학생지원처 장학팀,2017-06-14,2113,https://www.khu.ac.kr/kor/notice/detail.do?seq=109023&page=51&category=SCHOLARSHIP
503,80,공통,2017년 KRX 국민행복재단 DREAM 장학생 신규선...,학생지원처 장학팀,2017-06-13,873,https://www.khu.ac.kr/kor/notice/detail.do?seq=109013&page=51&category=SCHOLARSHIP
504,79,공통,"덕영재단 "" TO KNOW, TO LOVE 2017 ""...",학생지원처 장학팀,2017-06-12,652,https://www.khu.ac.kr/kor/notice/detail.do?seq=109011&page=51&category=SCHOLARSHIP
505,78,공통,2017년 제15기 (하계) 대학생 재능봉사「국가(우수...,학생지원처 장학팀,2017-06-12,855,https://www.khu.ac.kr/kor/notice/detail.do?seq=109004&page=51&category=SCHOLARSHIP
506,77,공통,2017년 Youth Hero Prize 후보자 추천 ...,학생지원처 장학팀,2017-06-09,682,https://www.khu.ac.kr/kor/notice/detail.do?seq=108997&page=51&category=SCHOLARSHIP
507,76,국제,[국제] 2017-2학기 교내장학금 신청 안내,학생지원센터 학생지원팀(국제),2017-06-08,2089,https://www.khu.ac.kr/kor/notice/detail.do?seq=108970&page=51&category=SCHOLARSHIP
508,75,공통,서울시 대학생 학자금대출 이자지원사업,학생지원처 장학팀,2017-06-02,344,https://www.khu.ac.kr/kor/notice/detail.do?seq=108927&page=51&category=SCHOLARSHIP
509,74,서울,2017-2학기 교내장학금 신청 안내,학생지원처 장학팀,2017-06-01,2114,https://www.khu.ac.kr/kor/notice/detail.do?seq=108917&page=51&category=SCHOLARSHIP
510,73,공통,2017년 2학기 삼성드림클래스 대학생강사 선발 안내,학생지원처 장학팀,2017-06-01,1284,https://www.khu.ac.kr/kor/notice/detail.do?seq=108915&page=52&category=SCHOLARSHIP
511,72,서울,2017학년도 서울C 장학제도 소개 브로셔 공지,학생지원처 장학팀,2017-05-30,900,https://www.khu.ac.kr/kor/notice/detail.do?seq=108892&page=52&category=SCHOLARSHIP
512,71,서울,2017-1학기 총학생회&생활협동조합 장학금 지급 확인...,학생지원처 장학팀,2017-05-29,682,https://www.khu.ac.kr/kor/notice/detail.do?seq=108890&page=52&category=SCHOLARSHIP
513,70,서울,2017-1학기 모자이크장학 신청 안내,학생지원처 장학팀,2017-05-26,1223,https://www.khu.ac.kr/kor/notice/detail.do?seq=108873&page=52&category=SCHOLARSHIP
514,69,공통,17-1학기 국가교육근로장학사업 취업연계지원프로그램(하...,학생지원처 장학팀,2017-05-25,829,https://www.khu.ac.kr/kor/notice/detail.do?seq=108864&page=52&category=SCHOLARSHIP
515,68,서울,2017학년도 1학기 국가장학금 2유형 지급일정 안내,학생지원처 장학팀,2017-05-24,1205,https://www.khu.ac.kr/kor/notice/detail.do?seq=108856&page=52&category=SCHOLARSHIP
516,67,서울,2017학년도 1학기 총학생회&생활협동조합 생활비 장학...,학생지원처 장학팀,2017-05-17,763,https://www.khu.ac.kr/kor/notice/detail.do?seq=108811&page=52&category=SCHOLARSHIP
517,66,공통,소나무장학금 5기 장학생 선발 안내,학생지원처 장학팀,2017-05-17,1215,https://www.khu.ac.kr/kor/notice/detail.do?seq=108806&page=52&category=SCHOLARSHIP
518,65,공통,[공통]2017학년도 2학기 국가 교육근로장학사업 1차...,학생지원처 장학팀,2017-05-15,1160,https://www.khu.ac.kr/kor/notice/detail.do?seq=108798&page=52&category=SCHOLARSHIP
519,64,공통,2017학년도 2학기 국가장학금 1차 신청안내,학생지원처 장학팀,2017-05-15,969,https://www.khu.ac.kr/kor/notice/detail.do?seq=108796&page=52&category=SCHOLARSHIP
520,63,공통,[공통] 2017년 삼성드림클래스 여름캠프 대학생 강사...,학생지원센터 학생지원팀(국제),2017-05-11,1611,https://www.khu.ac.kr/kor/notice/detail.do?seq=108780&page=53&category=SCHOLARSHIP
521,62,서울,2017-1학기 경희꿈도전장학금 신청 안내,학생지원처 장학팀,2017-05-08,1581,https://www.khu.ac.kr/kor/notice/detail.do?seq=108769&page=53&category=SCHOLARSHIP
522,61,공통,2017-1학기 수원시 대학생 학자금 대출이자 지원,학생지원처 장학팀,2017-05-04,440,https://www.khu.ac.kr/kor/notice/detail.do?seq=108766&page=53&category=SCHOLARSHIP
523,60,공통,[공통] 2017학년도 국가교육근로장학사업 하계방학 집...,학생지원처 장학팀,2017-05-01,1388,https://www.khu.ac.kr/kor/notice/detail.do?seq=108743&page=53&category=SCHOLARSHIP
524,59,공통,[공통] NICE 교육 서포터즈 7기 모집 안내,학생지원처 장학팀,2017-05-01,848,https://www.khu.ac.kr/kor/notice/detail.do?seq=108742&page=53&category=SCHOLARSHIP
525,58,공통,[공통]2017년 우리다문화장학재단 장학생 선발 요강 ...,학생지원처 장학팀,2017-04-28,662,https://www.khu.ac.kr/kor/notice/detail.do?seq=108733&page=53&category=SCHOLARSHIP
526,57,공통,[공통]2017년 (재)현대차 정몽구 재단 기초학문 분...,학생지원처 장학팀,2017-04-26,891,https://www.khu.ac.kr/kor/notice/detail.do?seq=108723&page=53&category=SCHOLARSHIP
527,56,국제,[연장공지] 2017-1학기 장학팀 장학사정관제장학 신...,학생지원센터 학생지원팀(국제),2017-04-26,1347,https://www.khu.ac.kr/kor/notice/detail.do?seq=108715&page=53&category=SCHOLARSHIP
528,55,국제,"2017-1학기 복학생,신입생,편입생,재입학생 우정장학...",학생지원센터 학생지원팀(국제),2017-04-21,1798,https://www.khu.ac.kr/kor/notice/detail.do?seq=108695&page=53&category=SCHOLARSHIP
529,54,서울,[서울]2017학년도 1학기 총학생회&생활협동조합이 함...,학생지원처 장학팀,2017-04-21,925,https://www.khu.ac.kr/kor/notice/detail.do?seq=108692&page=53&category=SCHOLARSHIP
530,53,공통,2017년 1학기 푸른등대기부장학사업(한국공항공사) 2...,학생지원처 장학팀,2017-04-21,563,https://www.khu.ac.kr/kor/notice/detail.do?seq=108690&page=54&category=SCHOLARSHIP
531,52,국제,국제캠퍼스 푸른등대 삼성SOS 최종선발자 명단,학생지원센터 학생지원팀(국제),2017-04-20,694,https://www.khu.ac.kr/kor/notice/detail.do?seq=108682&page=54&category=SCHOLARSHIP
532,51,공통,2017년 우리다문화장학재단 장학생 모집,학생지원처 장학팀,2017-04-20,479,https://www.khu.ac.kr/kor/notice/detail.do?seq=108678&page=54&category=SCHOLARSHIP
533,50,국제,아주대학교 AFTER YOU 어학연수 프로그램 대학추천...,학생지원센터 학생지원팀(국제),2017-04-18,811,https://www.khu.ac.kr/kor/notice/detail.do?seq=108669&page=54&category=SCHOLARSHIP
534,49,공통,[기간연장] 2017학년 익산시 대학생 학자금 대출이자...,학생지원처 장학팀,2017-04-17,303,https://www.khu.ac.kr/kor/notice/detail.do?seq=108664&page=54&category=SCHOLARSHIP
535,48,공통,[기간연장] 2017년도 건설근로자 대학생 자녀 「학자...,학생지원처 장학팀,2017-04-14,384,https://www.khu.ac.kr/kor/notice/detail.do?seq=108661&page=54&category=SCHOLARSHIP
536,47,서울,[서울]2017년 POSA IT육성장학생 모집 및 선발...,학생지원처 장학팀,2017-04-14,384,https://www.khu.ac.kr/kor/notice/detail.do?seq=108654&page=54&category=SCHOLARSHIP
537,46,국제,2017년 1학기 국가장학금2차 신청 재학생 구제신청서...,학생지원센터 학생지원팀(국제),2017-04-14,716,https://www.khu.ac.kr/kor/notice/detail.do?seq=108649&page=54&category=SCHOLARSHIP
538,45,서울,2017년 1학기 국가장학금 2차 신청 재학생 구제신청...,학생지원처 장학팀,2017-04-12,710,https://www.khu.ac.kr/kor/notice/detail.do?seq=108633&page=54&category=SCHOLARSHIP
539,44,서울,[기간연장] 2017학년도 예술체육비전장학금 신청기간 ...,학생지원처 장학팀,2017-04-12,383,https://www.khu.ac.kr/kor/notice/detail.do?seq=108631&page=54&category=SCHOLARSHIP
540,43,국제,"아주대학교 ""AFTER YOU""해외어학연수 신청 안내",학생지원센터 학생지원팀(국제),2017-04-10,737,https://www.khu.ac.kr/kor/notice/detail.do?seq=108614&page=55&category=SCHOLARSHIP
541,42,서울,2017-1학기 서울시교육지원청 국가교육근로장학생 최종...,학생지원처 장학팀,2017-04-07,470,https://www.khu.ac.kr/kor/notice/detail.do?seq=108607&page=55&category=SCHOLARSHIP
542,41,국제,[기간연장] 2017년도 푸른등대 삼성SOS 신규선발 ...,학생지원센터 학생지원팀(국제),2017-04-05,660,https://www.khu.ac.kr/kor/notice/detail.do?seq=108592&page=55&category=SCHOLARSHIP
543,40,공통,2017년도 상반기 탈북민 대학생 교육지원금 신청 안내...,학생지원처 장학팀,2017-04-04,278,https://www.khu.ac.kr/kor/notice/detail.do?seq=108586&page=55&category=SCHOLARSHIP
544,39,서울,[서울] 2017-1학기 우정장학(학업장려금) 신청 안...,학생지원처 장학팀,2017-04-04,1505,https://www.khu.ac.kr/kor/notice/detail.do?seq=108585&page=55&category=SCHOLARSHIP
545,38,서울,[서울]2017학년도 1학기 김복순 장학금 신청 안내,학생지원처 장학팀,2017-04-04,723,https://www.khu.ac.kr/kor/notice/detail.do?seq=108581&page=55&category=SCHOLARSHIP
546,37,공통,2017-1학기 진안군 대학생 학자금대출 이자지원사업 ...,학생지원처 장학팀,2017-04-04,246,https://www.khu.ac.kr/kor/notice/detail.do?seq=108572&page=55&category=SCHOLARSHIP
547,36,서울,[한국장학재단] 2017학년도 푸른등대 삼성SOS장학금...,학생지원처 장학팀,2017-04-03,673,https://www.khu.ac.kr/kor/notice/detail.do?seq=108571&page=55&category=SCHOLARSHIP
548,35,국제,2017학년도 예술체육비전장학금 신규장학생 신청 및 선...,학생지원센터 학생지원팀(국제),2017-04-03,570,https://www.khu.ac.kr/kor/notice/detail.do?seq=108562&page=55&category=SCHOLARSHIP
549,34,서울,2017학년도 예술체육비전장학금 신규장학생 신청 및 선...,학생지원처 장학팀,2017-04-03,310,https://www.khu.ac.kr/kor/notice/detail.do?seq=108560&page=55&category=SCHOLARSHIP
